PLAYER,MY_RANK,TIER,ADP,PCT_DRAFTED,ADP_PREV,YAHOO_RANK,X_RANK,AVOID,NOTE
AJ Dybantsa,125,,75.9,100.0,75.9,,95.0,False,
AJ Green,,,79.2,4.0,73.3,260.0,258.0,False,
Aaron Gordon,133,,111.5,28.0,111.9,156.0,119.0,False,
Aaron Nesmith,143,,75.3,5.0,75.3,199.0,147.0,False,
Aaron Wiggins,,,92.4,4.0,92.4,271.0,187.0,False,
Ace Bailey,,,116.7,26.0,116.8,152.0,152.0,False,
Adama Bal,,,,,,489.0,,True,
Aday Mara,,,91.5,5.0,91.5,,620.0,False,
Adem Bona,,,85.4,3.0,85.4,189.0,243.0,False,
Ajay Mitchell,115,,110.2,10.0,109.7,142.0,130.0,False,
Al Horford,,,86.6,2.0,86.6,248.0,200.0,False,
Alex Caruso,,,94.5,5.0,94.5,282.0,218.0,False,
Alex Sarr,116,,60.8,100.0,60.9,56.0,68.0,False,
Allen Graves,,,98.4,2.0,98.4,,598.0,True,
Alondes Williams,,,,,,512.0,,True,
Alperen Sengun,20,,18.6,100.0,18.6,23.0,25.0,False,
Amen Thompson,23,,29.3,100.0,29.2,31.0,21.0,False,
Andersson Garcia,,,,,,517.0,,True,
Andre Drummond,,,,,,241.0,182.0,False,
Andrew Nembhard,130,,121.5,32.0,121.3,130.0,105.0,False,
Andrew Wiggins,90,,109.9,98.0,109.9,109.0,93.0,False,
Anfernee Simons,,,113.0,3.0,113.0,181.0,181.0,False,
Anthony Black,148,,119.4,27.0,119.4,143.0,153.0,False,
Anthony Davis,29,,24.9,100.0,25.0,21.0,44.0,False,
Anthony Edwards,9,,14.7,100.0,14.9,8.0,7.0,False,
Anthony Gill,,,,,,343.0,,True,
Ausar Thompson,65,,90.8,100.0,90.9,92.0,90.0,False,
Austin Reaves,15,,22.5,100.0,22.4,24.0,20.0,False,
Ayo Dosunmu,114,,106.3,96.0,106.3,101.0,110.0,False,
Bam Adebayo,35,,34.0,100.0,34.0,36.0,32.0,False,
Baylor Scheierman,,,,,,210.0,249.0,False,
Ben Sheppard,,,,,,306.0,,True,
Bennedict Mathurin,,,121.5,5.0,121.5,175.0,162.0,False,
Bez Mbeng,,,,,,431.0,,True,
Bilal Coulibaly,,,,,,185.0,190.0,False,
Blake Hinson,,,,,,468.0,,True,
Bobby Portis,,,117.1,3.0,117.1,150.0,140.0,False,
Bones Hyland,,,,,,300.0,291.0,True,
Branden Carlson,,,,,,380.0,,True,
Brandin Podziemski,84,,113.8,91.0,113.9,107.0,116.0,False,
Brandon Ingram,53,,75.4,99.0,75.4,77.0,55.0,False,
Brandon Miller,44,,49.6,100.0,49.6,46.0,40.0,False,
Brandon Williams,,,,,,288.0,278.0,True,
Brayden Burries,,,,,,,188.0,False,
Brice Sensabaugh,,,,,,258.0,256.0,True,
Bronny James,,,77.0,2.0,,,464.0,True,
Brook Lopez,,,77.9,3.0,77.9,139.0,165.0,False,
Bruce Brown,,,,,,266.0,264.0,True,
Bryce McGowens,,,,,,372.0,,True,
Bub Carrington,,,,,,240.0,262.0,False,
Buddy Hield,,,,,,307.0,,True,
CJ McCollum,80,,111.1,99.0,111.1,115.0,107.0,False,
Cade Cunningham,7,,8.4,100.0,8.5,5.0,5.0,False,
Caleb Love,,,,,,390.0,,True,
Caleb Wilson,75,,80.5,100.0,80.5,,82.0,False,
Cam Spencer,,,,,,208.0,246.0,True,
Cam Whitmore,,,,,,419.0,193.0,True,
Cameron Boozer,51,,62.7,100.0,62.7,,57.0,False,
Cameron Johnson,,,107.9,4.0,107.9,148.0,172.0,False,
Cameron Payne,,,,,,366.0,,True,
Caris LeVert,,,,,,303.0,293.0,True,
Cason Wallace,103,,114.6,15.0,114.1,154.0,126.0,False,
Cedric Coward,78,,100.5,99.0,100.7,108.0,81.0,False,
Chaney Johnson,,,,,,438.0,,True,
Charles Bassey,,,,,,451.0,,True,
Chet Holmgren,34,,21.1,100.0,21.1,19.0,27.0,False,
Christian Braun,110,,118.5,14.0,118.5,167.0,143.0,False,
Clint Capela,,,,,,296.0,287.0,True,
Coby White,58,,87.2,99.0,87.1,85.0,83.0,False,
Cody Williams,,,,,,326.0,,True,
Collin Gillespie,139,,124.8,13.0,125.2,131.0,137.0,False,
Collin Murray-Boyles,82,,121.1,48.0,121.0,128.0,111.0,False,
Collin Sexton,,,116.9,3.0,116.9,187.0,161.0,False,
Cooper Flagg,8,,11.0,93.0,11.1,13.0,13.0,False,
Corey Kispert,,,,,,320.0,,True,
Cormac Ryan,,,,,,457.0,,True,
Craig Porter Jr.,,,,,,301.0,292.0,False,
DaQuan Jeffries,,,,,,477.0,,True,
Daeqwon Plowden,,,,,,376.0,,True,
Damian Lillard,77,,71.9,100.0,71.9,,58.0,False,
Daniel Gafford,,,99.4,5.0,99.4,134.0,170.0,False,
Daniss Jenkins,,,,,,224.0,154.0,False,
Danny Wolf,,,,,,334.0,,True,
Dariq Whitehead,,,,,,514.0,,True,
Darius Acuff Jr.,105,,110.7,97.0,110.6,,156.0,False,
Darius Garland,52,,58.4,100.0,58.3,53.0,61.0,False,
Darryn Peterson,100,,93.3,99.0,93.2,,113.0,False,
David Roddy,,,,,,491.0,,True,
Davion Mitchell,102,,111.9,10.0,111.3,137.0,109.0,False,
Day'Ron Sharpe,68,,91.5,100.0,91.7,88.0,87.0,False,
De'Aaron Fox,93,,82.3,99.0,82.3,84.0,73.0,False,
De'Andre Hunter,,,,,,236.0,177.0,False,
De'Anthony Melton,,,,,,204.0,189.0,False,
DeAndre Jordan,,,,,,467.0,,True,
DeJon Jarreau,,,,,,503.0,,True,
DeMar DeRozan,,,116.7,83.0,116.6,122.0,251.0,False,
Dean Wade,,,,,,285.0,276.0,True,
Deandre Ayton,,,117.6,5.0,117.6,160.0,183.0,False,
Dejounte Murray,76,,66.7,100.0,66.6,59.0,64.0,False,
Deni Avdija,37,,35.4,100.0,35.4,41.0,47.0,False,
Dennis Schroder,,,,,,269.0,245.0,False,
Dereck Lively II,,,,,,211.0,175.0,False,
Derik Queen,56,,80.7,99.0,80.8,94.0,92.0,False,
Derrick Jones Jr.,,,,,,268.0,215.0,False,
Derrick White,42,,44.8,100.0,44.8,39.0,41.0,False,
Desmond Bane,49,,54.7,100.0,54.7,49.0,46.0,False,
Devin Booker,27,,31.7,100.0,31.6,33.0,24.0,False,
Devin Carter,,,,,,408.0,,True,
Devin Vassell,96,,117.2,10.0,117.2,161.0,122.0,False,
Dillon Brooks,149,,115.5,20.0,115.6,155.0,150.0,False,
Domantas Sabonis,22,,35.2,100.0,35.2,34.0,22.0,False,
Dominick Barlow,,,,,,274.0,266.0,True,
Donovan Clingan,79,,40.7,100.0,40.6,38.0,39.0,False,
Donovan Mitchell,12,,19.3,100.0,19.5,11.0,11.0,False,
Donte DiVincenzo,,,,,,251.0,216.0,False,
Draymond Green,,,112.8,12.0,112.8,147.0,142.0,False,
Dru Smith,,,,,,280.0,272.0,True,
Duncan Robinson,,,96.3,3.0,96.3,205.0,205.0,False,
Dylan Cardwell,,,,,,206.0,224.0,False,
Dylan Harper,95,,79.2,100.0,79.1,79.0,91.0,False,
Dyson Daniels,73,,62.8,100.0,62.9,63.0,60.0,False,
Egor Demin,,,121.1,11.0,121.1,135.0,164.0,False,
Elijah Harkless,,,,,,436.0,,True,
Enrique Freeman,,,,,,551.0,,True,
Eric Gordon,,,,,,487.0,,True,
Ethan Thompson,,,,,,433.0,,True,
Evan Mobley,36,,32.3,100.0,32.4,32.0,28.0,False,
Franz Wagner,50,,53.8,100.0,53.9,51.0,49.0,False,
Fred VanVleet,108,,120.6,65.0,120.6,,136.0,False,
GG Jackson,,,,,,233.0,,False,
Gary Payton II,,,,,,265.0,263.0,True,
Giannis Antetokounmpo,6,,12.1,100.0,12.2,9.0,9.0,False,
Goga Bitadze,,,,,,263.0,260.0,True,
Grant Williams,,,,,,357.0,,True,
Grayson Allen,,,,,,171.0,160.0,False,
Gui Santos,,,,,,200.0,250.0,False,
Hannes Steinbach,,,,,,,240.0,False,
Harrison Barnes,,,,,,256.0,255.0,True,
Hayden Gray,,,,,,578.0,,True,
Haywood Highsmith,,,,,,421.0,,True,
Herbert Jones,145,,,,,179.0,149.0,False,
Immanuel Quickley,81,,98.7,99.0,98.7,90.0,88.0,False,
Isaac Okoro,,,,,,286.0,277.0,True,
Isaiah Collier,,,,,,164.0,281.0,False,
Isaiah Hartenstein,71,,101.9,97.0,102.0,99.0,102.0,False,
Isaiah Jackson,,,,,,228.0,231.0,False,
Isaiah Joe,,,,,,213.0,203.0,False,
Isaiah Stewart,,,113.8,5.0,113.8,157.0,168.0,False,
Ivica Zubac,59,,68.3,99.0,68.4,68.0,63.0,False,
Ja Morant,119,,91.0,99.0,91.1,89.0,103.0,False,
Ja'Kobe Walter,,,,,,272.0,234.0,True,
Jabari Smith Jr.,124,,98.8,99.0,98.7,111.0,94.0,False,
Jaden Ivey,,,,,,358.0,,True,
Jaden McDaniels,86,,78.2,99.0,78.1,74.0,89.0,False,
Jahmai Mashack,,,,,,442.0,,True,
Jaime Jaquez Jr.,104,,105.4,98.0,105.4,117.0,127.0,False,
Jake LaRavia,,,,,,249.0,223.0,False,
Jakob Poeltl,99,,121.8,5.0,121.8,136.0,114.0,False,
Jalen Brunson,26,,22.9,100.0,22.9,28.0,29.0,False,
Jalen Duren,33,,31.4,100.0,31.4,29.0,36.0,False,
Jalen Green,85,,109.5,97.0,109.5,124.0,125.0,False,
Jalen Johnson,11,,16.2,100.0,16.3,10.0,10.0,False,
Jalen Slawson,,,,,,439.0,,True,
Jalen Smith,,,,,,217.0,199.0,False,
Jalen Suggs,129,,108.3,97.0,108.2,102.0,104.0,False,
Jalen Williams,45,,44.8,100.0,44.8,43.0,38.0,False,
Jamal Murray,14,,18.7,100.0,18.7,17.0,17.0,False,
Jamal Shead,,,,,,234.0,267.0,False,
James Harden,31,,38.5,100.0,38.5,35.0,30.0,False,
Jamir Watkins,,,,,,338.0,,True,
Jarace Walker,,,,,,267.0,233.0,False,
Jared McCain,,,108.1,3.0,108.1,223.0,248.0,False,
Jaren Jackson Jr.,48,,54.5,100.0,54.5,50.0,43.0,False,
Jarred Vanderbilt,,,,,,325.0,,True,
Jarrett Allen,92,,77.8,99.0,77.8,76.0,65.0,False,
Javon Small,,,,,,344.0,,True,
Javonte Green,,,,,,254.0,254.0,True,
Jaxson Hayes,,,,,,283.0,225.0,False,
Jay Huff,,,,,,165.0,209.0,False,
Jaylen Brown,43,,32.2,100.0,32.2,40.0,31.0,False,
Jaylen Wells,,,,,,227.0,185.0,False,
Jaylin Williams,,,,,,193.0,236.0,False,
Jaylon Tyson,,,,,,192.0,232.0,False,
Jayson Tatum,5,,12.2,100.0,12.3,7.0,8.0,False,
Jerami Grant,,,,,,172.0,163.0,False,
Jeremiah Fears,,,117.0,35.0,117.0,159.0,155.0,False,
Jericho Sims,,,,,,331.0,,True,
Jevon Carter,,,,,,348.0,,True,
Jimmy Butler III,,,120.7,61.0,120.6,129.0,134.0,False,
Jock Landale,,,,,,229.0,275.0,True,
Joel Embiid,88,,47.9,100.0,47.9,48.0,59.0,False,
John Collins,,,118.9,78.0,118.9,121.0,112.0,False,
John Konchar,,,,,,275.0,268.0,True,
John Poulakidas,,,,,,475.0,,True,
Johni Broome,,,105.4,5.0,105.4,,673.0,True,
Jonas Valanciunas,,,,,,277.0,270.0,True,
Jonathan Kuminga,,,117.1,3.0,117.1,207.0,363.0,False,
Jordan Goodwin,,,,,,261.0,235.0,True,
Jordan Miller,,,,,,314.0,,True,
Jordan Poole,,,,,,237.0,174.0,False,
Jordan Walsh,,,,,,299.0,290.0,True,
Jose Alvarado,,,,,,276.0,269.0,False,
Josh Giddey,21,,30.0,100.0,30.0,27.0,18.0,False,
Josh Hart,74,,96.7,99.0,96.6,97.0,100.0,False,
Josh Minott,,,,,,321.0,,True,
Jrue Holiday,136,,116.0,17.0,115.8,133.0,132.0,False,
Julian Champagnie,,,113.1,5.0,113.1,151.0,179.0,False,
Julian Reese,,,,,,471.0,,True,
Julian Strawther,,,,,,337.0,,False,
Julius Randle,63,,64.1,99.0,64.1,64.0,75.0,False,
Justin Champagnie,,,,,,253.0,253.0,False,
Justin Edwards,,,,,,309.0,,True,
Jusuf Nurkic,98,,117.6,78.0,117.8,114.0,106.0,False,
Kadary Richmond,,,,,,519.0,,True,
Karl-Anthony Towns,18,,15.2,100.0,15.1,16.0,16.0,False,
Karlo Matkovic,,,,,,284.0,247.0,True,
Kasparas Jakucionis,,,,,,345.0,,True,
Kawhi Leonard,28,,19.9,100.0,19.9,18.0,33.0,False,
Keaton Wagler,150,,121.1,9.0,120.8,,206.0,False,
Keegan Murray,107,,121.6,79.0,121.6,118.0,128.0,False,
Kel'el Ware,54,,75.4,99.0,75.5,82.0,69.0,False,
Keldon Johnson,,,,,,196.0,198.0,False,
Kelly Oubre Jr.,,,112.0,5.0,110.6,145.0,157.0,False,
Kennedy Chandler,,,,,,494.0,,True,
Kenrich Williams,,,,,,339.0,,True,
Kentavious Caldwell-Pope,,,,,,292.0,284.0,True,
Keon Ellis,,,,,,230.0,207.0,True,
Keshon Gilbert,,,,,,552.0,,True,
Kevin Durant,10,,15.5,100.0,15.5,14.0,15.0,False,
Kevin Huerter,,,,,,257.0,228.0,False,
Kevin Love,,,,,,365.0,,True,
Kevin Porter Jr.,113,,116.4,87.0,116.5,110.0,121.0,False,
Kevon Looney,,,,,,397.0,,True,
Keyonte George,61,,52.6,100.0,52.6,47.0,51.0,False,
Khaman Maluach,83,,120.8,2.0,120.8,,115.0,False,
Khris Middleton,,,,,,302.0,237.0,True,
Killian Hayes,,,,,,448.0,,True,
Klay Thompson,,,110.8,7.0,110.8,273.0,192.0,False,
Kobe Brown,,,,,,353.0,,True,
Kobe Sanders,,,,,,332.0,242.0,True,
Kon Knueppel,40,,37.1,100.0,37.1,37.0,45.0,False,
Kris Dunn,,,,,,252.0,211.0,False,
Kris Murray,,,,,,328.0,,True,
Kristaps Porzingis,126,,105.9,98.0,105.8,105.0,97.0,False,
Kyle Anderson,,,,,,317.0,,True,
Kyle Filipowski,,,119.6,5.0,120.1,166.0,176.0,False,
Kyle Kuzma,,,120.0,3.0,120.0,212.0,180.0,False,
Kyrie Irving,38,,49.0,100.0,48.9,,48.0,False,
Kyshawn George,134,,111.5,96.0,111.6,106.0,120.0,False,
LaMelo Ball,17,,22.5,100.0,22.5,20.0,23.0,False,
Landry Shamet,,,,,,341.0,,True,
Lauri Markkanen,32,,43.9,100.0,43.8,44.0,34.0,False,
Lawson Lovering,,,,,,571.0,,True,
LeBron James,39,,40.7,100.0,40.7,42.0,42.0,False,
Leaky Black,,,,,,450.0,,True,
Leonard Miller,,,,,,364.0,,True,
Lonzo Ball,,,,,,351.0,,True,
Lucas Williamson,,,,,,499.0,,True,
Luguentz Dort,,,,,,264.0,196.0,False,
Luka Doncic,3,,4.7,100.0,4.7,3.0,3.0,False,
Luka Garza,,,,,,298.0,289.0,True,
Luke Kennard,,,87.5,3.0,87.5,255.0,238.0,False,
Luke Kornet,,,87.5,3.0,87.5,220.0,219.0,False,
Malachi Smith,,,,,,445.0,,True,
Malik Monk,,,,,,197.0,208.0,False,
Marcus Smart,,,,,,278.0,271.0,False,
Mark Williams,,,102.6,97.0,102.6,96.0,252.0,True,
Marvin Bagley III,,,,,,221.0,285.0,False,
Matas Buzelis,66,,59.3,100.0,59.4,83.0,80.0,False,
Matisse Thybulle,,,,,,346.0,,True,
Max Christie,,,,,,219.0,212.0,False,
Max Strus,,,,,,235.0,184.0,False,
Maxime Raynaud,138,,121.1,46.0,121.1,127.0,135.0,False,
Micah Potter,,,,,,311.0,,True,
Michael Porter Jr.,89,,67.9,99.0,67.8,67.0,53.0,False,
Mikal Bridges,117,,75.8,99.0,75.8,73.0,78.0,False,
Mike Conley,,,,,,305.0,295.0,True,
Mikel Brown Jr.,146,,122.4,2.0,122.4,,201.0,False,
Miles Bridges,127,,98.4,99.0,98.5,104.0,98.0,False,
Miles McBride,,,,,,294.0,195.0,False,
Mitchell Robinson,,,109.9,5.0,109.9,188.0,178.0,False,
Morez Johnson Jr.,,,123.0,3.0,123.0,,159.0,False,
Moritz Wagner,,,,,,,241.0,True,
Moses Moody,,,,,,259.0,257.0,False,
Mouhamadou Gueye,,,,,,565.0,,True,
Mouhamed Gueye,,,,,,290.0,282.0,True,
Moussa Cisse,,,,,,218.0,,True,
Moussa Diabate,109,,100.3,3.0,98.7,177.0,145.0,False,
Myles Turner,97,,95.6,100.0,95.4,95.0,99.0,False,
Nae'Qwan Tomlin,,,,,,330.0,,True,
Naji Marshall,,,,,,203.0,210.0,False,
Naz Reid,60,,64.9,99.0,64.8,61.0,56.0,False,
Neemias Queta,111,,104.9,98.0,104.8,100.0,118.0,False,
Nic Claxton,70,,95.4,99.0,95.3,98.0,86.0,False,
Nickeil Alexander-Walker,72,,59.4,99.0,59.4,55.0,54.0,False,
Nicolas Batum,,,,,,289.0,280.0,True,
Nikola Jokic,1,,2.7,100.0,2.7,2.0,2.0,False,
Nikola Vucevic,141,,111.9,13.0,111.9,174.0,144.0,False,
Nique Clifford,,,,,,214.0,,True,
Noah Clowney,,,,,,279.0,217.0,False,
Norman Powell,64,,93.8,99.0,93.8,91.0,85.0,False,
OG Anunoby,55,,61.3,99.0,61.3,60.0,71.0,False,
Obi Toppin,,,,,,333.0,194.0,False,
Olivier Sarr,,,,,,560.0,,True,
Olivier-Maxence Prosper,,,,,,318.0,,True,
Onyeka Okongwu,67,,56.9,99.0,56.9,57.0,50.0,False,
Oscar Tshiebwe,,,,,,416.0,,True,
Oso Ighodaro,147,,,,,239.0,171.0,False,
P.J. Washington,,,119.2,12.0,119.2,144.0,151.0,False,
Paolo Banchero,46,,37.5,99.0,37.7,54.0,52.0,False,
Pascal Siakam,47,,47.7,100.0,47.7,52.0,62.0,False,
Pat Spencer,,,,,,335.0,,True,
Patrick Williams,,,,,,312.0,,True,
Paul George,87,,79.6,99.0,79.7,75.0,76.0,False,
Paul Reed,112,,123.6,2.0,123.6,141.0,138.0,False,
Payton Pritchard,122,,77.1,99.0,77.1,80.0,74.0,False,
Pelle Larsson,,,,,,201.0,273.0,True,
Pete Nance,,,,,,389.0,,True,
Peyton Watson,131,,115.8,87.0,115.8,113.0,108.0,False,
Precious Achiuwa,,,,,,198.0,261.0,True,
Quentin Grimes,120,,121.4,9.0,121.6,140.0,158.0,False,
Quenton Jackson,,,,,,347.0,,True,
Quinten Post,,,,,,293.0,239.0,True,
RJ Barrett,106,,111.3,96.0,111.3,123.0,131.0,False,
Rayan Rupert,,,,,,350.0,,True,
Reed Sheppard,132,,114.7,18.0,115.8,138.0,117.0,False,
Robert Williams III,,,,,,170.0,204.0,True,
Rocco Zikarsky,,,,,,545.0,,True,
Ronald Holland II,,,,,,226.0,227.0,True,
Royce O'Neale,,,,,,243.0,202.0,False,
Rudy Gobert,69,,76.1,99.0,75.9,78.0,72.0,False,
Rui Hachimura,,,106.2,4.0,106.2,195.0,186.0,False,
Russell Westbrook,,,,,,262.0,259.0,False,
Ryan Dunn,,,,,,287.0,279.0,True,
Ryan Kalkbrenner,,,,,,194.0,214.0,False,
Ryan Rollins,57,,74.5,99.0,74.5,69.0,70.0,False,
Saddiq Bey,142,,123.1,53.0,123.1,126.0,146.0,False,
Sam Hauser,,,109.6,2.0,109.6,246.0,167.0,False,
Sam Merrill,,,,,,222.0,229.0,True,
Sandro Mamukelashvili,101,,115.1,90.0,115.1,112.0,123.0,False,
Santi Aldama,,,,,,190.0,173.0,False,
Scoot Henderson,,,,,,202.0,169.0,False,
Scottie Barnes,19,,14.2,100.0,14.1,15.0,14.0,False,
Scotty Pippen Jr.,,,,,,176.0,191.0,False,
Seth Curry,,,,,,447.0,,True,
Shaedon Sharpe,,,114.2,4.0,114.2,146.0,213.0,False,
Shai Gilgeous-Alexander,4,,6.0,100.0,6.1,4.0,4.0,False,
Sharife Cooper,,,,,,406.0,,True,
Simone Fontecchio,,,,,,291.0,283.0,True,
Sion James,,,,,,304.0,294.0,True,
Skal Labissiere,,,,,,556.0,,True,
Spencer Jones,,,,,,319.0,,True,
Stephen Curry,30,,23.8,100.0,23.7,25.0,26.0,False,
Stephon Castle,94,,56.1,99.0,56.1,70.0,77.0,False,
Steven Adams,,,,,,398.0,,True,
Svi Mykhailiuk,,,,,,324.0,,True,
T.J. McConnell,,,93.5,2.0,93.5,247.0,197.0,False,
Tari Eason,140,,,,,158.0,139.0,False,
Taurean Prince,,,,,,340.0,,True,
Taylor Hendricks,,,,,,238.0,244.0,False,
Terance Mann,,,,,,295.0,286.0,True,
Thomas Bryant,,,,,,308.0,,True,
Tidjane Salaun,,,,,,393.0,,True,
Tim Hardaway Jr.,,,,,,184.0,221.0,False,
Tobias Harris,144,,,,,183.0,148.0,False,
Tony Bradley,,,,,,,230.0,True,
Toumani Camara,128,,119.3,84.0,119.4,120.0,101.0,False,
Trae Young,25,,26.6,100.0,26.7,22.0,19.0,False,
Tre Johnson,,,,,,242.0,222.0,True,
Tre Jones,135,,,,,173.0,129.0,False,
Trey Murphy III,41,,35.9,100.0,35.9,30.0,35.0,False,
Tristan Vukcevic,,,,,,342.0,,True,
Tristan da Silva,,,,,,225.0,220.0,True,
Tristen Newton,,,,,,586.0,,True,
Ty Jerome,137,,95.9,99.0,95.8,87.0,133.0,False,
Tyler Burton,,,,,,478.0,,True,
Tyler Herro,62,,61.9,99.0,61.9,58.0,67.0,False,
Tyrese Haliburton,16,,21.9,100.0,22.1,,12.0,False,
Tyrese Maxey,13,,11.0,100.0,11.1,6.0,6.0,False,
Tyson Etienne,,,,,,464.0,,True,
VJ Edgecombe,123,,67.0,99.0,66.9,71.0,79.0,False,
Victor Wembanyama,2,,1.8,100.0,1.8,1.0,1.0,False,
Vince Williams Jr.,,,,,,367.0,,False,
Vit Krejci,,,,,,281.0,274.0,True,
Walker Kessler,24,,29.6,100.0,29.5,26.0,37.0,False,
Walter Clayton Jr.,,,,,,323.0,,True,
Wendell Carter Jr.,,,110.0,93.0,110.0,103.0,141.0,False,
Will Richard,,,,,,297.0,288.0,True,
Will Riley,,,,,,178.0,,True,
Yaxel Lendeborg,,,116.1,30.0,116.1,,124.0,False,
Yves Missi,,,,,,186.0,166.0,True,
Zaccharie Risacher,,,,,,215.0,226.0,True,
Zach Collins,,,,,,423.0,,True,
Zach Edey,121,,70.0,99.0,69.9,62.0,66.0,False,
Zach LaVine,91,,120.4,68.0,120.3,125.0,96.0,False,
Ziaire Williams,,,,,,270.0,265.0,True,
Zion Williamson,118,,69.8,99.0,69.9,72.0,84.0,False,
