PLAYER,PLAYER_ID,TEAM,POS,SEASON,GP,MIN,PTS,FG3M,REB,AST,STL,BLK,TOV,FGM,FGA,FTM,FTA,PRIOR_RANK
Nikola Jokic,86194577,DEN,C,2025-26,65.0,34.85,27.7,1.7,12.9,10.7,1.4,0.8,3.7,9.9,17.4,6.1,7.4,2.0
Victor Wembanyama,81882772,SAS,C,2025-26,64.0,29.15,25.0,1.9,11.5,3.1,1.0,3.1,2.4,8.6,16.9,5.8,7.0,1.0
Shai Gilgeous-Alexander,31934838,OKC,PG,2025-26,68.0,33.22,31.1,1.7,4.3,6.6,1.4,0.8,2.2,10.8,19.4,7.9,9.0,4.0
Kawhi Leonard,51509773,TOR,"SG,SF,PF",2025-26,65.0,32.07,27.9,2.6,6.4,3.6,1.9,0.4,2.0,9.8,19.4,5.7,6.4,18.0
Tyrese Maxey,53898480,PHI,PG,2025-26,70.0,38.0,28.3,3.1,4.1,6.6,1.9,0.8,2.4,9.9,21.4,5.3,6.0,6.0
Luka Doncic,13007237,LAL,"PG,SG",2025-26,64.0,35.77,33.5,4.0,7.7,8.3,1.6,0.5,4.0,10.8,22.8,7.9,10.1,3.0
Donovan Mitchell,48328444,CLE,"PG,SG",2025-26,70.0,33.45,27.9,3.2,4.5,5.7,1.5,0.3,2.8,9.7,20.0,5.3,6.1,11.0
Jamal Murray,6995783,DEN,PG,2025-26,75.0,35.35,25.4,3.3,4.4,7.1,0.9,0.4,2.3,8.8,18.1,4.6,5.2,17.0
Stephen Curry,32406825,GSW,PG,2025-26,43.0,30.9,26.6,4.4,3.6,4.7,1.1,0.4,2.8,8.7,18.6,4.7,5.1,25.0
Lauri Markkanen,47416201,UTA,"SF,PF",2025-26,42.0,34.35,26.7,2.7,6.9,2.1,1.0,0.5,1.5,9.1,19.2,5.7,6.4,44.0
Trey Murphy III,66679684,NOP,"SG,SF",2025-26,66.0,35.47,21.5,3.2,5.7,3.8,1.5,0.4,1.8,7.5,15.9,3.3,3.7,30.0
Walker Kessler,30943788,LAL,C,2025-26,5.0,30.8,14.4,1.2,10.8,3.0,1.4,1.8,3.2,5.2,7.4,2.8,4.0,26.0
Scottie Barnes,5825685,TOR,"SF,PF,C",2025-26,80.0,33.5,18.1,0.9,7.5,5.9,1.4,1.5,2.6,7.1,14.0,3.0,3.7,15.0
Anthony Edwards,48819813,MIN,"PG,SG",2025-26,61.0,35.02,28.8,3.4,5.0,3.7,1.4,0.8,2.9,9.9,20.2,5.7,7.2,8.0
Kevin Porter Jr.,38868823,MIL,"PG,SG",2025-26,38.0,33.17,17.4,1.2,5.2,7.4,2.2,0.5,2.9,6.3,13.5,3.6,4.1,110.0
Kevin Durant,68731263,HOU,"SG,SF,PF",2025-26,78.0,36.4,26.0,2.4,5.5,4.8,0.8,0.9,3.2,9.2,17.6,5.2,6.0,14.0
Chet Holmgren,39812001,OKC,"PF,C",2025-26,69.0,28.93,17.1,1.3,8.9,1.7,0.6,1.9,1.6,6.3,11.3,3.3,4.1,19.0
Kadary Richmond,12152827,WAS,"SF,PF",2025-26,3.0,22.32,8.3,0.7,3.3,2.7,2.7,0.3,0.7,3.3,5.3,1.0,1.0,519.0
Anthony Davis,53865655,WAS,"PF,C",2025-26,20.0,31.3,20.4,0.5,11.1,2.8,1.1,1.7,2.1,8.5,16.7,3.0,4.1,21.0
Jalen Johnson,1205983,ATL,"SF,PF",2025-26,72.0,35.17,22.5,1.7,10.3,7.9,1.2,0.4,3.4,8.3,17.1,4.2,5.3,10.0
Cade Cunningham,24564865,DET,"PG,SG",2025-26,64.0,33.93,23.9,2.0,5.5,9.9,1.4,0.8,3.7,8.6,18.6,4.8,6.0,5.0
Jayson Tatum,27021860,BOS,"SF,PF",2025-26,16.0,32.62,21.8,2.9,10.0,5.3,1.4,0.2,2.4,7.4,17.9,4.1,4.9,7.0
Karl-Anthony Towns,5540642,NYK,"PF,C",2025-26,75.0,30.95,20.1,1.5,11.9,3.0,0.9,0.5,2.5,6.9,13.8,4.8,5.5,16.0
James Harden,34382094,CLE,"PG,SG",2025-26,70.0,34.82,23.6,3.1,4.8,8.0,1.1,0.4,3.5,7.0,16.0,6.6,7.5,35.0
Joel Embiid,66945377,PHI,C,2025-26,38.0,31.6,26.9,1.4,7.7,3.9,0.6,1.2,2.9,9.0,18.3,7.5,8.8,48.0
Michael Porter Jr.,40134657,BKN,"SF,PF",2025-26,52.0,32.47,24.2,3.4,7.1,3.0,1.1,0.3,2.3,8.5,18.4,3.8,4.4,67.0
Jimmy Butler III,45505131,GSW,"SF,PF",2025-26,38.0,31.1,20.0,0.8,5.6,4.9,1.4,0.2,1.6,6.3,12.2,6.5,7.6,129.0
Nickeil Alexander-Walker,77261764,ATL,"PG,SG",2025-26,78.0,33.37,20.8,3.2,3.4,3.7,1.3,0.5,2.1,7.0,15.3,3.6,3.9,55.0
Derrick White,61029452,BOS,"PG,SG",2025-26,77.0,34.08,16.5,2.7,4.4,5.4,1.1,1.3,1.7,5.7,14.4,2.4,2.6,39.0
Austin Reaves,58643127,LAL,"PG,SG,SF",2025-26,51.0,34.55,23.3,2.3,4.7,5.5,1.1,0.4,3.0,7.3,14.9,6.3,7.3,24.0
Ty Jerome,65627775,MEM,"PG,SG",2025-26,15.0,22.6,19.7,2.8,2.8,5.7,1.1,0.3,1.8,6.8,14.3,3.3,3.7,87.0
Jalen Duren,33799835,DET,C,2025-26,70.0,28.22,19.5,0.0,10.5,2.0,0.8,0.8,1.9,7.5,11.5,4.6,6.1,29.0
Paul George,58961287,BOS,"SF,PF",2025-26,37.0,30.67,17.3,2.7,5.3,3.6,1.7,0.4,1.7,6.1,13.9,2.5,3.0,75.0
Amen Thompson,62895785,HOU,"PG,SG",2025-26,79.0,37.37,18.3,0.3,7.8,5.3,1.5,0.6,2.4,7.1,13.2,3.8,4.9,31.0
Donovan Clingan,68729651,POR,C,2025-26,77.0,27.18,12.1,1.1,11.6,2.1,0.6,1.7,1.2,4.6,8.9,1.8,2.6,38.0
Bam Adebayo,49757819,MIA,"PF,C",2025-26,73.0,32.4,20.1,1.7,10.0,3.2,1.2,0.7,1.6,6.9,15.7,4.5,5.8,36.0
Onyeka Okongwu,94618838,ATL,C,2025-26,74.0,31.03,15.2,1.9,7.6,3.1,1.1,1.1,1.7,5.6,11.6,2.1,2.7,57.0
OG Anunoby,24312426,NYK,"SF,PF",2025-26,67.0,33.18,16.7,2.3,5.2,2.2,1.6,0.7,1.8,5.8,12.0,2.7,3.3,60.0
Zach Edey,77263492,MEM,C,2025-26,11.0,25.82,13.6,0.1,11.1,1.1,0.6,1.9,2.4,5.6,8.9,2.3,2.9,62.0
Mikal Bridges,31859019,NYK,"SF,PF",2025-26,82.0,32.82,14.4,1.9,3.8,3.7,1.3,0.8,1.0,5.8,11.7,1.0,1.2,73.0
Keyonte George,34617294,UTA,"PG,SG",2025-26,54.0,33.07,23.6,2.5,3.7,6.1,1.1,0.3,3.1,7.4,16.3,6.2,7.0,47.0
Desmond Bane,49997999,ORL,"SG,SF",2025-26,82.0,33.6,20.1,2.0,4.1,4.1,1.0,0.5,2.0,7.1,14.7,3.8,4.2,49.0
Cooper Flagg,66670869,DAL,"SG,SF,PF",2025-26,70.0,33.48,21.0,1.0,6.7,4.5,1.2,0.9,2.3,8.0,17.1,4.0,4.9,13.0
LaMelo Ball,83467465,MIN,PG,2025-26,72.0,28.0,20.1,3.8,4.8,7.1,1.2,0.2,2.8,7.0,17.3,2.2,2.5,20.0
Dyson Daniels,87377605,ATL,"SG,SF",2025-26,76.0,33.15,11.9,0.3,6.8,5.9,2.0,0.4,1.8,5.3,10.2,1.0,1.6,63.0
Tyler Herro,88479483,MIL,"PG,SG",2025-26,33.0,31.3,20.5,2.5,4.8,4.1,0.7,0.4,1.9,7.5,15.6,3.0,3.3,58.0
Alondes Williams,39367659,WAS,"SG,SF",2025-26,4.0,25.25,11.0,1.3,6.3,3.0,0.8,0.8,1.3,4.0,6.5,1.8,2.0,512.0
Jalen Brunson,22658880,NYK,PG,2025-26,74.0,35.0,26.0,2.6,3.3,6.8,0.8,0.1,2.4,9.3,19.9,4.8,5.7,28.0
Ryan Rollins,26640810,MIL,"PG,SG",2025-26,74.0,32.1,17.3,2.5,4.6,5.6,1.5,0.4,2.7,6.6,13.9,1.7,2.1,69.0
Jaren Jackson Jr.,93974549,UTA,"PF,C",2025-26,48.0,30.28,19.4,1.8,5.7,2.0,1.1,1.4,2.2,7.1,15.0,3.4,4.2,50.0
Alperen Sengun,28506193,HOU,"PF,C",2025-26,72.0,33.3,20.4,0.6,8.9,6.2,1.2,1.1,3.2,8.1,15.6,3.6,5.2,23.0
LeBron James,33975837,PHI,"SF,PF",2025-26,60.0,33.15,20.9,1.3,6.1,7.2,1.2,0.6,3.0,7.9,15.3,3.9,5.3,42.0
Brandon Miller,33857857,CHA,"SF,PF",2025-26,65.0,30.27,20.2,3.1,4.9,3.3,1.0,0.7,2.5,7.0,16.1,3.1,3.4,46.0
Alex Sarr,13924119,WAS,C,2025-26,48.0,27.18,16.3,1.0,7.4,2.7,0.8,2.0,1.7,6.6,13.7,2.1,3.0,56.0
Jaylen Brown,64633919,PHI,"SG,SF,PF",2025-26,71.0,34.4,28.7,2.0,6.9,5.1,1.0,0.4,3.6,10.4,21.7,6.0,7.5,40.0
Giannis Antetokounmpo,22101109,MIA,"PF,C",2025-26,36.0,28.85,27.6,0.4,9.8,5.4,0.9,0.7,3.2,10.4,16.6,6.4,9.9,9.0
Evan Mobley,90198243,CLE,"PF,C",2025-26,65.0,31.9,18.2,1.0,9.0,3.6,0.7,1.7,1.9,7.2,13.2,2.8,4.6,32.0
Kel'el Ware,76417702,MIL,C,2025-26,77.0,22.12,11.1,1.2,9.0,0.7,0.8,1.1,0.8,4.5,8.4,0.9,1.2,82.0
Jalen Suggs,23912053,ORL,"PG,SG",2025-26,57.0,27.6,13.8,2.1,3.9,5.5,1.8,0.7,2.7,4.9,11.4,1.8,2.1,102.0
VJ Edgecombe,1345666,PHI,"PG,SG",2025-26,75.0,34.97,16.0,2.0,5.6,4.2,1.4,0.5,1.8,6.0,13.7,2.0,2.4,71.0
Immanuel Quickley,15980582,TOR,"PG,SG",2025-26,70.0,31.87,16.4,2.5,4.0,5.9,1.3,0.1,1.5,5.7,12.9,2.4,3.0,90.0
Devin Booker,24152485,PHX,"PG,SG",2025-26,64.0,33.52,26.1,1.9,3.9,6.0,0.8,0.3,3.1,8.5,18.7,7.1,8.1,33.0
Dejounte Murray,80908266,NOP,PG,2025-26,14.0,27.78,16.7,1.4,5.4,6.4,1.6,0.2,3.4,6.3,13.0,2.8,3.2,59.0
Nikola Vucevic,37772528,ORL,C,2025-26,64.0,28.4,15.1,1.6,8.4,3.3,0.6,0.6,1.3,6.2,12.5,1.2,1.5,174.0
Andrew Wiggins,63666687,MIA,"SG,SF,PF",2025-26,68.0,30.33,15.4,2.0,4.8,2.7,1.1,1.0,1.5,5.7,12.1,1.9,2.4,109.0
Kon Knueppel,36933563,CHA,"SG,SF",2025-26,81.0,31.48,18.5,3.4,5.3,3.4,0.7,0.2,2.0,6.4,13.4,2.4,2.8,37.0
Reed Sheppard,19618574,HOU,"PG,SG",2025-26,82.0,26.17,13.5,2.8,2.9,3.4,1.5,0.7,1.5,5.0,11.5,0.8,1.0,138.0
Josh Giddey,30047373,CHI,"PG,SG",2025-26,54.0,32.05,17.0,1.9,8.3,9.1,1.0,0.5,3.6,5.9,13.3,3.2,4.2,27.0
Jarrett Allen,49755075,CLE,C,2025-26,56.0,27.12,15.4,0.0,8.5,1.8,1.0,0.8,1.3,6.0,9.4,3.3,4.7,76.0
Kristaps Porzingis,57344273,GSW,C,2025-26,32.0,24.02,16.7,1.7,5.2,2.5,0.6,1.2,1.3,5.4,12.1,4.2,4.9,105.0
Neemias Queta,92578071,BOS,C,2025-26,76.0,25.33,10.2,0.0,8.4,1.7,0.8,1.3,1.0,4.3,6.6,1.6,2.3,100.0
Deni Avdija,91925613,POR,"SG,SF,PF",2025-26,66.0,33.32,24.2,1.9,6.9,6.7,0.8,0.6,3.8,7.5,16.1,7.4,9.2,41.0
Brandon Ingram,87445803,LAC,"SG,SF,PF",2025-26,77.0,33.82,21.5,1.8,5.6,3.7,0.8,0.7,2.4,8.0,16.7,3.8,4.6,77.0
Jaden McDaniels,73414426,MIN,SF,2025-26,73.0,31.72,14.8,1.4,4.2,2.7,1.1,1.0,1.8,5.7,11.1,2.0,2.4,74.0
Mark Williams,71464508,PHX,C,2025-26,60.0,23.6,11.7,0.0,8.0,1.0,0.9,0.9,1.1,4.7,7.3,2.3,2.9,96.0
Grayson Allen,3991920,CHA,"SG,SF",2025-26,51.0,28.75,16.5,3.1,3.0,3.8,1.4,0.3,1.6,5.3,13.1,2.8,3.3,171.0
De'Aaron Fox,46958204,SAS,PG,2025-26,72.0,30.98,18.6,1.8,3.8,6.2,1.2,0.3,2.3,7.1,14.5,2.6,3.4,84.0
DeMar DeRozan,94805029,DEN,"SF,PF",2025-26,77.0,31.25,18.4,0.6,2.9,4.1,1.0,0.3,1.2,6.5,13.1,4.9,5.6,122.0
Payton Pritchard,81268365,BOS,PG,2025-26,79.0,32.35,17.0,2.7,3.9,5.2,0.7,0.1,1.4,6.4,13.8,1.5,1.7,80.0
Jalen Williams,84619301,OKC,"SF,PF",2025-26,33.0,28.35,17.1,0.7,4.6,5.5,1.2,0.3,1.9,6.5,13.5,3.3,3.9,43.0
Norman Powell,78656156,CHI,"SG,SF",2025-26,58.0,29.6,21.7,2.7,3.5,2.5,1.1,0.2,1.9,7.3,15.4,4.5,5.5,91.0
Josh Hart,92432926,NYK,"SG,SF",2025-26,66.0,30.2,12.0,1.5,7.4,4.8,1.1,0.3,1.9,4.6,9.0,1.4,1.9,97.0
Keegan Murray,2578627,SAC,"SF,PF",2025-26,23.0,34.47,14.0,1.3,5.7,1.7,1.0,1.6,1.2,5.5,13.0,1.7,2.1,118.0
Franz Wagner,6639869,ORL,"SF,PF",2025-26,34.0,29.97,20.6,1.4,5.2,3.3,0.9,0.3,1.7,7.2,14.9,4.8,5.8,51.0
Naz Reid,13664220,CHA,"PF,C",2025-26,77.0,26.05,13.6,2.1,6.2,2.2,1.0,1.0,1.6,5.2,11.3,1.2,1.6,61.0
Matas Buzelis,87169593,CHI,"SF,PF",2025-26,77.0,29.18,16.3,2.2,5.8,2.1,0.7,1.5,2.1,5.8,12.5,2.4,3.1,83.0
Tre Jones,84129463,CHI,"PG,SG",2025-26,65.0,26.95,14.1,0.6,3.1,5.4,1.2,0.2,1.4,5.2,9.5,2.9,3.5,173.0
Saddiq Bey,76335706,NOP,"SF,PF",2025-26,72.0,31.18,17.7,2.1,5.6,2.5,0.9,0.1,0.9,6.1,13.4,3.4,4.1,126.0
Collin Gillespie,57338626,PHX,"PG,SG",2025-26,80.0,28.52,12.7,2.9,4.1,4.6,1.2,0.2,1.6,4.4,10.5,1.0,1.1,131.0
Jabari Smith Jr.,23570993,HOU,"PF,C",2025-26,77.0,35.12,15.8,2.3,6.9,1.9,0.7,0.9,1.4,5.7,12.6,2.1,2.7,111.0
Julius Randle,31322935,BKN,PF,2025-26,79.0,33.03,21.1,1.4,6.7,5.0,1.1,0.2,2.7,7.3,15.3,5.0,6.3,64.0
Donte DiVincenzo,15282730,MIN,"SG,SF",2025-26,82.0,30.4,12.2,3.0,4.1,3.8,1.3,0.4,1.4,4.1,10.2,1.0,1.3,251.0
Darius Garland,93561891,LAC,PG,2025-26,45.0,29.87,18.8,2.7,2.4,6.7,1.0,0.2,2.9,6.9,14.9,2.3,2.7,53.0
Cormac Ryan,4014235,MIL,"PG,SG",2025-26,11.0,24.63,14.3,2.5,2.5,1.7,1.0,0.3,1.5,4.8,9.3,2.2,2.4,457.0
Rudy Gobert,35930270,MIN,C,2025-26,76.0,31.32,10.9,0.0,11.5,1.7,0.8,1.6,1.4,4.4,6.5,2.1,4.0,78.0
Ausar Thompson,12256028,DET,"SG,SF,PF",2025-26,73.0,25.97,9.9,0.1,5.7,3.1,2.0,0.9,1.5,4.2,7.9,1.5,2.6,92.0
Kyshawn George,76441863,WAS,"SG,SF,PF",2025-26,48.0,28.97,14.8,2.1,5.1,4.5,1.0,0.9,2.6,5.3,12.0,2.2,2.7,106.0
Isaiah Hartenstein,18821675,OKC,C,2025-26,47.0,24.18,9.2,0.0,9.4,3.5,1.0,0.8,1.7,3.9,6.3,1.4,2.2,99.0
Ayo Dosunmu,41121754,MIN,"PG,SG",2025-26,69.0,27.25,14.8,1.8,3.4,3.6,0.8,0.3,1.4,5.6,10.8,1.8,2.1,101.0
Deandre Ayton,5876610,WAS,C,2025-26,72.0,27.18,12.5,0.0,8.0,0.8,0.6,1.0,1.2,5.6,8.3,1.3,2.0,160.0
Jay Huff,76777474,IND,C,2025-26,82.0,20.95,9.5,1.5,4.0,1.5,0.5,1.9,0.9,3.5,7.5,1.0,1.2,165.0
Julian Champagnie,60295911,SAS,"SF,PF",2025-26,82.0,27.62,11.1,2.4,5.8,1.5,0.8,0.5,0.8,3.7,8.4,1.4,1.6,151.0
Pascal Siakam,12569101,IND,"PF,C",2025-26,62.0,33.17,24.0,1.7,6.6,3.8,1.1,0.4,2.2,9.0,18.6,4.2,6.1,52.0
Ajay Mitchell,6358977,OKC,"PG,SG",2025-26,57.0,25.83,13.6,1.1,3.3,3.6,1.2,0.3,1.4,5.0,10.4,2.5,2.8,142.0
Myles Turner,75545524,MIL,C,2025-26,71.0,26.92,11.9,2.1,5.3,1.5,0.7,1.6,1.2,4.0,9.1,1.8,2.5,95.0
Bez Mbeng,2597961,CHA,"PG,SG",2025-26,15.0,32.8,8.1,0.4,3.8,4.1,2.3,0.3,1.5,3.3,6.7,1.1,1.7,431.0
Cason Wallace,93019522,OKC,"PG,SG,SF",2025-26,77.0,26.57,8.6,1.3,3.1,2.6,1.9,0.4,0.9,3.3,7.6,0.7,0.9,154.0
Kelly Oubre Jr.,63740529,IND,"SF,PF",2025-26,50.0,31.47,14.1,1.7,5.0,1.6,1.4,0.5,1.4,5.1,10.9,2.2,2.9,145.0
Jalen Slawson,30920756,IND,"SF,PF",2025-26,13.0,23.92,7.3,1.2,4.4,2.8,1.5,1.1,1.3,2.6,5.9,0.9,1.3,439.0
Jrue Holiday,19512454,POR,"PG,SG",2025-26,53.0,29.42,16.3,2.6,4.6,6.1,1.0,0.1,2.8,6.0,13.4,1.7,2.0,133.0
Zion Williamson,28757791,NOP,"PF,C",2025-26,62.0,29.68,21.0,0.0,5.7,3.2,1.0,0.5,2.0,7.8,13.0,5.4,7.5,72.0
Tobias Harris,74182719,SAS,PF,2025-26,63.0,27.7,13.3,1.3,5.1,2.5,0.9,0.4,1.0,4.9,10.5,2.2,2.5,183.0
Devin Vassell,26697638,SAS,"SG,SF",2025-26,67.0,30.5,13.9,2.5,4.0,2.5,0.9,0.4,0.9,4.9,11.3,1.6,1.9,161.0
Cam Spencer,63145332,MEM,"PG,SG",2025-26,72.0,23.8,11.1,2.0,2.5,5.6,0.7,0.2,1.3,3.7,7.7,1.8,1.9,208.0
Robert Williams III,89884374,POR,C,2025-26,59.0,17.07,6.7,0.2,7.0,1.0,0.6,1.5,0.8,3.0,4.2,0.6,1.0,170.0
Miles Bridges,31200298,PHX,PF,2025-26,77.0,31.0,17.1,1.9,5.8,3.2,0.6,0.4,1.4,6.2,13.5,2.7,3.3,104.0
John Collins,21088599,DET,"PF,C",2025-26,69.0,27.12,13.6,1.3,5.3,1.0,0.9,0.7,1.4,5.3,9.6,1.7,2.2,121.0
Ivica Zubac,16892475,IND,C,2025-26,48.0,30.12,14.1,0.0,10.6,2.2,0.4,0.8,1.8,6.0,10.0,2.1,3.0,68.0
Zach LaVine,48815685,SAC,"PG,SG,SF",2025-26,39.0,31.37,19.2,2.5,2.8,2.3,0.7,0.3,1.9,6.7,14.0,3.2,3.6,125.0
Santi Aldama,79704100,DAL,PF,2025-26,43.0,27.85,14.0,1.6,6.7,2.9,0.9,0.7,1.3,5.3,11.1,1.8,2.7,190.0
Jakob Poeltl,89486547,TOR,C,2025-26,46.0,24.97,10.7,0.0,7.0,2.0,0.9,0.7,1.2,4.7,6.7,1.3,2.1,136.0
Domantas Sabonis,13971063,SAC,"PF,C",2025-26,19.0,29.67,15.8,0.3,11.4,4.1,0.9,0.2,2.7,6.3,11.6,2.9,4.1,34.0
Daniel Gafford,76288189,DAL,C,2025-26,55.0,21.72,9.5,0.0,6.9,1.1,0.8,1.3,1.1,3.8,5.7,2.0,2.9,134.0
Peyton Watson,46497242,CLE,"SF,PF",2025-26,54.0,29.58,14.6,1.5,4.9,2.1,0.9,1.1,1.7,5.3,10.8,2.6,3.5,113.0
Aaron Gordon,5927298,DEN,"PF,C",2025-26,36.0,27.92,16.2,1.7,5.8,2.7,0.6,0.3,1.1,5.5,11.1,3.5,4.5,156.0
Brandin Podziemski,24085286,GSW,"PG,SG",2025-26,82.0,28.45,13.8,1.9,5.1,3.7,1.1,0.2,1.6,4.8,10.6,2.3,2.9,107.0
CJ McCollum,79606374,ATL,"PG,SG",2025-26,76.0,29.78,18.7,2.5,3.3,3.9,0.8,0.5,1.8,6.9,15.2,2.4,3.1,115.0
Paolo Banchero,54903946,ORL,PF,2025-26,72.0,34.75,22.2,1.2,8.4,5.2,0.7,0.6,3.1,7.3,16.0,6.3,8.2,54.0
Wendell Carter Jr.,22534689,ORL,C,2025-26,78.0,29.32,11.8,0.9,7.4,2.0,0.8,0.6,1.3,4.2,8.2,2.5,3.2,103.0
Andrew Nembhard,73184423,IND,"PG,SG",2025-26,57.0,31.32,16.9,1.9,2.8,7.7,0.9,0.1,2.4,5.8,13.2,3.4,4.1,130.0
Moussa Diabate,55886684,CHA,C,2025-26,73.0,26.0,7.9,0.0,8.7,1.9,0.8,1.0,1.0,3.1,5.0,1.6,2.4,177.0
Trae Young,31518007,WAS,PG,2025-26,15.0,25.6,17.9,1.8,2.0,8.0,0.9,0.1,2.6,5.4,11.8,5.3,6.5,22.0
Al Horford,5531068,GSW,"PF,C",2025-26,45.0,21.52,8.3,1.6,4.9,2.6,0.7,1.1,0.9,3.1,7.2,0.5,0.6,248.0
Royce O'Neale,23092574,CHA,"SF,PF",2025-26,78.0,28.37,9.8,2.7,4.8,2.7,1.1,0.4,1.3,3.4,8.0,0.3,0.5,243.0
Moses Moody,38116338,GSW,"SG,SF,PF",2025-26,60.0,25.67,12.1,2.5,3.3,1.6,1.0,0.6,1.0,4.1,9.3,1.5,1.9,259.0
Luke Kornet,80066982,SAS,C,2025-26,68.0,21.02,6.5,0.0,6.1,1.9,0.5,1.0,0.4,2.6,4.0,1.4,1.7,220.0
Toumani Camara,2721093,POR,"SF,PF",2025-26,82.0,33.3,13.4,2.7,5.1,2.5,1.1,0.4,1.8,4.8,10.9,1.2,1.7,120.0
Ryan Kalkbrenner,17744105,CHA,C,2025-26,69.0,21.42,7.6,0.0,5.5,0.8,0.5,1.5,0.9,3.2,4.2,1.2,1.7,194.0
Sandro Mamukelashvili,62458579,LAL,"PF,C",2025-26,80.0,21.88,11.2,1.4,4.9,1.9,0.8,0.5,0.8,4.1,7.9,1.5,2.0,112.0
Bilal Coulibaly,19154616,WAS,"SG,SF",2025-26,56.0,26.2,11.7,1.2,4.3,2.6,1.3,1.0,1.4,4.1,9.7,2.4,3.2,185.0
Derik Queen,87014648,NOP,"PF,C",2025-26,81.0,24.97,11.7,0.3,7.1,3.7,1.0,0.9,2.3,4.4,9.2,2.7,3.4,94.0
John Konchar,87359640,MIN,"SG,SF",2025-26,56.0,19.9,4.4,0.5,4.3,2.1,1.5,0.7,0.6,1.7,3.6,0.6,0.8,275.0
Anthony Black,77768928,ORL,"PG,SG,SF",2025-26,64.0,29.83,15.0,1.6,3.8,3.7,1.4,0.7,2.1,5.4,12.1,2.6,3.6,143.0
Ja Morant,47598751,POR,PG,2025-26,20.0,28.45,19.5,1.0,3.3,8.1,1.0,0.3,3.6,6.6,16.1,5.3,5.9,89.0
Lucas Williamson,81646868,MEM,SG,2025-26,7.0,32.0,10.4,2.1,5.4,2.6,1.6,0.1,1.4,3.6,10.7,1.1,1.1,499.0
Cameron Johnson,47948191,DEN,"SF,PF",2025-26,54.0,30.5,12.2,2.0,3.8,2.4,0.7,0.4,0.9,4.2,8.8,1.7,2.1,148.0
Bobby Portis,27124595,MIA,"PF,C",2025-26,67.0,24.15,13.7,2.0,6.4,1.6,0.6,0.2,1.0,5.5,11.2,0.7,1.0,150.0
Jaylon Tyson,33364137,CLE,"SG,SF,PF",2025-26,66.0,26.92,13.2,2.0,5.1,2.2,0.8,0.4,1.5,5.0,10.2,1.2,1.6,192.0
Jordan Goodwin,17072333,PHX,"PG,SG",2025-26,70.0,22.45,8.7,1.6,4.9,2.2,1.5,0.2,1.0,3.3,7.9,0.6,0.8,261.0
Jusuf Nurkic,96473641,UTA,C,2025-26,41.0,26.4,10.9,0.6,10.4,4.8,1.3,0.5,2.5,4.4,8.7,1.5,2.8,114.0
Matisse Thybulle,84022392,LAL,"SG,SF",2025-26,30.0,16.0,5.8,1.2,2.0,0.9,2.0,0.5,0.9,1.9,4.5,0.7,0.8,346.0
P.J. Washington,30397895,DAL,"PF,C",2025-26,56.0,31.0,14.2,1.4,7.0,1.8,1.0,1.1,1.7,5.3,11.8,2.2,3.3,144.0
Jerami Grant,79737785,MEM,"SF,PF",2025-26,57.0,29.73,18.6,2.4,3.5,2.1,0.7,0.6,2.1,5.8,12.8,4.6,5.6,172.0
Kyle Filipowski,80401601,UTA,"PF,C",2025-26,77.0,23.38,11.4,1.0,7.2,2.6,0.9,0.5,1.6,4.2,8.5,2.1,2.8,166.0
Andersson Garcia,86477109,UTA,"SF,PF",2025-26,5.0,33.8,5.2,0.2,8.4,2.8,1.6,0.8,1.4,1.8,5.8,1.4,1.8,517.0
Kris Dunn,82052176,LAC,"PG,SG",2025-26,82.0,27.2,7.3,1.0,3.3,3.6,1.6,0.2,1.4,2.8,5.8,0.8,1.0,252.0
Sam Merrill,18719523,CLE,"SG,SF",2025-26,52.0,26.47,12.8,3.0,2.6,2.4,0.6,0.1,0.8,4.3,9.3,1.1,1.3,222.0
Justin Champagnie,24784106,WAS,"SF,PF",2025-26,69.0,19.95,8.7,0.8,5.6,1.2,0.9,0.6,0.7,3.4,6.7,1.2,1.5,253.0
Tari Eason,34237234,HOU,"SG,SF,PF",2025-26,60.0,25.82,10.5,1.6,6.3,1.5,1.2,0.5,1.4,4.0,9.7,0.9,1.1,158.0
Mitchell Robinson,429552,BOS,C,2025-26,60.0,19.57,5.7,0.0,8.8,0.9,0.9,1.2,0.7,2.5,3.4,0.7,1.7,188.0
Derrick Jones Jr.,81418998,LAC,"SF,PF",2025-26,50.0,27.0,10.1,1.1,3.5,1.4,0.9,1.0,0.8,3.8,7.6,1.4,1.9,268.0
Cedric Coward,37512562,MEM,"SG,SF",2025-26,62.0,25.77,13.6,1.5,5.9,2.8,0.6,0.4,1.7,4.9,10.5,2.3,2.7,108.0
Stephon Castle,85084956,SAS,"PG,SG",2025-26,68.0,29.97,16.7,1.2,5.3,7.4,1.1,0.3,3.2,5.7,12.0,4.1,5.6,70.0
Nic Claxton,97867710,CHI,C,2025-26,69.0,27.82,11.7,0.0,6.9,3.7,0.7,1.1,1.4,4.8,8.4,2.0,3.3,98.0
Maxime Raynaud,40959867,SAC,C,2025-26,74.0,26.53,12.5,0.3,7.5,1.4,0.5,0.5,1.3,5.2,9.1,1.8,2.3,127.0
Herbert Jones,21381012,NOP,"SG,SF",2025-26,56.0,28.35,8.9,1.4,3.4,2.8,1.6,0.5,1.3,3.3,8.5,0.9,1.1,179.0
Dillon Brooks,67836840,PHX,"SF,PF",2025-26,56.0,30.38,20.2,2.3,3.6,1.8,1.0,0.2,1.8,7.4,17.1,3.0,3.6,155.0
Shaedon Sharpe,66254383,POR,"PG,SG",2025-26,50.0,29.42,20.8,2.1,4.3,2.6,1.4,0.1,2.9,7.8,17.4,3.1,3.9,146.0
Naji Marshall,13083026,DAL,"SG,SF,PF",2025-26,74.0,29.5,15.2,0.8,4.7,3.3,1.1,0.1,1.6,5.7,11.1,3.1,4.1,203.0
RJ Barrett,38051882,TOR,"SG,SF,PF",2025-26,57.0,30.27,19.3,1.7,5.3,3.3,0.7,0.3,1.7,7.0,14.3,3.5,4.9,123.0
Christian Braun,53747552,DEN,"SG,SF,PF",2025-26,44.0,31.8,12.0,1.0,4.8,2.7,0.7,0.3,1.0,4.6,8.8,1.8,2.3,167.0
Davion Mitchell,3528829,MIA,PG,2025-26,70.0,28.57,9.3,1.3,2.7,6.5,1.0,0.2,1.5,3.7,7.6,0.6,0.9,137.0
Miles McBride,89354473,NYK,"PG,SG",2025-26,41.0,26.33,12.0,2.7,2.4,2.6,0.9,0.2,0.8,4.2,9.9,0.9,1.1,294.0
DaQuan Jeffries,67733998,SAC,"SG,SF",2025-26,3.0,20.0,10.3,1.3,1.7,0.3,0.7,0.0,0.0,3.7,6.3,1.7,1.7,477.0
Bennedict Mathurin,41862658,NOP,"SG,SF",2025-26,54.0,30.0,17.6,1.4,5.4,2.4,0.8,0.2,2.2,5.4,12.5,5.4,6.2,175.0
Duncan Robinson,22069395,DET,"SG,SF",2025-26,77.0,27.43,12.2,2.9,2.7,2.1,0.6,0.3,0.7,4.1,9.1,1.1,1.4,205.0
Adama Bal,66139747,MEM,SF,2025-26,8.0,30.12,10.4,2.3,3.1,2.4,1.1,0.1,0.8,3.5,8.5,1.1,1.3,489.0
Julian Reese,31444319,DEN,C,2025-26,13.0,30.92,11.8,0.0,10.5,1.8,1.4,0.6,2.5,4.8,9.2,2.2,3.4,471.0
Quentin Grimes,29195811,LAL,"SG,SF",2025-26,75.0,29.4,13.4,1.7,3.6,3.3,0.9,0.4,1.8,4.5,10.1,2.7,3.2,140.0
Dylan Cardwell,22769382,SAC,"PF,C",2025-26,44.0,20.6,5.4,0.0,7.5,1.4,0.7,1.5,0.9,2.4,4.1,0.6,1.2,206.0
Jalen Smith,68478942,CHI,"PF,C",2025-26,53.0,20.65,10.2,1.5,6.7,1.2,0.5,0.8,1.0,3.7,7.6,1.3,1.8,217.0
Scotty Pippen Jr.,32538566,MEM,PG,2025-26,10.0,21.2,11.4,1.0,2.2,4.7,1.9,0.4,2.7,4.3,9.6,1.8,2.3,176.0
Jaime Jaquez Jr.,54590772,MIL,"SG,SF,PF",2025-26,75.0,28.27,15.4,0.8,5.0,4.7,0.7,0.3,2.0,6.2,12.2,2.2,2.9,117.0
Collin Sexton,99649935,LAL,"PG,SG",2025-26,68.0,23.73,15.4,1.6,2.3,3.3,1.1,0.1,2.1,5.3,10.9,3.2,3.8,187.0
Isaiah Stewart,32202621,MEM,"PF,C",2025-26,58.0,22.7,10.0,0.7,5.0,1.1,0.3,1.6,1.2,3.8,6.9,1.7,2.3,157.0
Isaiah Joe,5029015,DET,"SG,SF",2025-26,71.0,21.22,11.1,2.5,2.5,1.3,0.7,0.2,0.6,3.5,7.6,1.5,1.7,213.0
Malachi Smith,92410650,TOR,SG,2025-26,15.0,23.92,8.3,1.3,3.4,3.3,0.8,0.3,0.9,3.2,6.6,0.5,0.5,445.0
Leaky Black,70474173,WAS,"SF,PF",2025-26,15.0,28.87,7.1,1.3,5.0,1.5,1.2,0.5,0.9,2.7,6.9,0.5,0.5,450.0
Russell Westbrook,47038245,SAC,"PG,SG",2025-26,64.0,28.95,15.2,2.0,5.4,6.7,1.3,0.2,3.3,5.6,13.1,2.0,2.9,262.0
T.J. McConnell,19968036,IND,PG,2025-26,56.0,17.2,9.4,0.3,2.2,5.1,1.0,0.2,1.1,4.3,8.0,0.4,0.5,247.0
Max Christie,72630072,DAL,"SG,SF",2025-26,77.0,29.13,12.3,2.3,3.2,2.0,0.6,0.4,1.2,4.2,9.4,1.6,1.8,219.0
Ace Bailey,49468158,UTA,"SF,PF",2025-26,72.0,27.6,13.8,1.9,4.2,1.8,0.8,0.7,1.5,5.5,12.4,0.9,1.2,152.0
Collin Murray-Boyles,97356864,TOR,"PF,C",2025-26,57.0,21.85,8.5,0.3,5.0,1.9,0.9,0.9,1.0,3.5,6.0,1.2,1.9,128.0
De'Anthony Melton,79177510,GSW,"PG,SG",2025-26,49.0,22.95,12.3,1.5,3.2,2.6,1.6,0.4,1.9,4.4,10.8,2.0,2.5,204.0
Kevin Huerter,1288298,DET,"SG,SF",2025-26,69.0,22.45,10.0,1.4,3.5,2.6,0.9,0.5,1.0,3.9,8.6,0.8,1.0,257.0
Ziaire Williams,84471095,LAL,"SG,SF",2025-26,56.0,22.87,10.2,1.5,2.4,1.1,1.4,0.4,1.1,3.3,7.7,2.1,2.5,270.0
Obi Toppin,89411406,IND,"SF,PF",2025-26,24.0,17.67,11.6,1.5,4.4,2.3,0.5,0.0,1.2,4.2,8.3,1.8,1.9,333.0
Keldon Johnson,35304336,SAS,"SF,PF",2025-26,82.0,23.3,13.2,1.2,5.4,1.4,0.6,0.1,0.9,5.0,9.7,1.9,2.4,196.0
Tristan da Silva,28513298,ORL,"SF,PF",2025-26,77.0,24.65,9.9,1.6,3.7,1.6,0.9,0.3,0.9,3.6,8.1,1.1,1.2,225.0
Blake Hinson,8432956,UTA,"PF,C",2025-26,14.0,20.35,11.9,2.6,2.4,1.1,0.4,0.1,0.4,4.2,8.2,0.9,1.1,468.0
Micah Potter,21677483,POR,"PF,C",2025-26,47.0,19.32,9.7,1.5,5.0,1.5,0.5,0.3,1.0,3.2,6.2,1.8,2.1,311.0
Dereck Lively II,4648446,DAL,C,2025-26,7.0,16.42,4.3,0.0,5.3,1.9,0.6,1.6,1.4,1.6,2.6,1.1,1.4,211.0
Precious Achiuwa,8619538,SAC,"PF,C",2025-26,73.0,23.9,10.1,0.4,6.7,1.4,0.9,0.7,0.9,4.3,8.2,1.1,1.9,198.0
Tim Hardaway Jr.,64421584,MIA,"SG,SF",2025-26,80.0,26.58,13.5,2.8,2.6,1.4,0.5,0.1,0.5,4.4,9.7,2.0,2.5,184.0
Marcus Smart,38523642,HOU,"PG,SG",2025-26,62.0,28.52,9.3,1.6,2.8,3.0,1.4,0.4,1.5,3.0,7.7,1.7,2.1,278.0
Dylan Harper,43684469,SAS,"PG,SG",2025-26,69.0,22.57,11.8,0.9,3.4,3.9,0.8,0.3,1.4,4.8,9.5,1.3,1.7,79.0
Day'Ron Sharpe,34478938,BKN,C,2025-26,62.0,18.7,8.7,0.1,6.7,2.3,1.1,0.4,1.7,3.5,5.7,1.7,2.5,88.0
Jake LaRavia,29137070,LAL,"SF,PF",2025-26,82.0,25.12,8.2,1.0,4.0,1.8,1.3,0.5,1.1,2.9,6.4,1.4,1.9,249.0
Paul Reed,87649305,DET,"PF,C",2025-26,65.0,13.85,7.8,0.2,4.5,1.2,0.9,0.9,0.9,3.2,5.2,1.1,1.7,141.0
Anfernee Simons,1169665,PHI,"PG,SG",2025-26,55.0,24.95,14.3,2.7,2.5,2.4,0.5,0.1,1.2,5.2,11.8,1.3,1.4,181.0
Goga Bitadze,73637821,ORL,C,2025-26,64.0,15.18,5.9,0.0,5.0,1.3,0.6,1.0,0.7,2.4,3.5,1.1,1.5,263.0
Javon Small,3255189,MEM,"PG,SG",2025-26,41.0,20.23,9.7,1.5,3.1,3.7,0.8,0.2,1.4,3.3,7.0,1.7,2.0,344.0
Marvin Bagley III,4124912,DEN,"PF,C",2025-26,60.0,20.02,10.5,0.4,6.1,1.4,0.5,0.7,1.0,4.2,6.9,1.6,2.4,221.0
David Roddy,50873126,DEN,"SF,PF",2025-26,5.0,14.6,8.0,0.6,4.0,0.8,0.8,0.2,0.4,3.0,6.0,1.4,1.4,491.0
Draymond Green,78627659,GSW,"PF,C",2025-26,68.0,27.48,8.4,1.5,5.5,5.5,0.9,0.6,2.7,3.0,7.2,0.9,1.2,147.0
Brook Lopez,87861724,LAC,C,2025-26,75.0,21.8,8.5,1.5,3.6,1.3,0.6,1.2,0.8,3.1,7.2,0.7,1.0,139.0
Hayden Gray,79024428,UTA,SG,2025-26,1.0,25.0,6.0,0.0,0.0,1.0,1.0,1.0,1.0,2.0,3.0,2.0,2.0,578.0
Max Strus,79983172,LAC,"SF,PF",2025-26,12.0,24.0,11.2,2.8,5.4,2.0,0.3,0.0,0.8,3.9,8.8,0.6,0.8,235.0
Jeremiah Fears,63635976,NOP,"PG,SG",2025-26,82.0,25.75,14.3,1.2,3.7,3.4,1.2,0.4,2.2,5.3,12.3,2.4,3.0,159.0
Javonte Green,58199967,DET,"SG,SF",2025-26,82.0,17.62,6.9,1.1,2.8,0.7,1.2,0.3,0.5,2.3,5.0,1.3,1.5,254.0
Chaney Johnson,49549333,BKN,PF,2025-26,17.0,20.47,8.2,0.5,4.6,2.1,0.9,0.5,1.2,3.0,5.5,1.6,2.1,438.0
Dominick Barlow,87895737,PHI,"PF,C",2025-26,71.0,23.78,7.7,0.3,4.8,1.2,0.9,0.7,0.8,3.0,5.6,1.3,1.8,274.0
Aaron Nesmith,89122661,IND,"SG,SF",2025-26,45.0,29.67,13.8,2.3,4.2,1.9,0.6,0.5,1.4,4.7,11.4,2.0,2.5,199.0
Gary Payton II,95461802,GSW,"SG,SF",2025-26,73.0,15.63,7.5,0.5,3.6,1.7,0.9,0.3,0.8,3.3,5.7,0.4,0.5,265.0
Josh Minott,64186963,BKN,"SF,PF",2025-26,49.0,17.02,7.4,1.3,3.2,0.9,0.9,0.5,0.9,2.6,5.1,1.0,1.2,321.0
Isaiah Collier,20670598,UTA,"PG,SG",2025-26,59.0,25.7,11.7,0.5,2.5,7.2,1.1,0.3,2.5,4.3,8.7,2.6,3.5,164.0
Brice Sensabaugh,72311760,UTA,"SG,SF,PF",2025-26,75.0,23.48,14.9,2.2,3.1,1.9,0.7,0.2,1.7,5.3,11.4,2.2,2.7,258.0
Jaylin Williams,54447681,OKC,"PF,C",2025-26,65.0,19.65,7.2,1.5,5.5,2.4,0.5,0.6,1.0,2.3,5.4,1.1,1.4,193.0
Sam Hauser,52026426,BOS,"SF,PF",2025-26,78.0,24.78,9.2,2.5,3.8,1.5,0.5,0.3,0.4,3.2,7.7,0.2,0.3,246.0
Noah Clowney,94950063,BKN,"PF,C",2025-26,66.0,26.97,12.3,2.0,4.1,1.6,0.8,0.7,1.5,3.8,9.6,2.7,3.4,279.0
Jalen Green,23431322,PHX,"SG,SF",2025-26,32.0,25.87,17.8,2.2,3.6,2.8,1.1,0.3,2.3,6.8,16.0,2.0,2.7,124.0
Cameron Payne,18089507,PHI,"PG,SG",2025-26,22.0,17.0,7.4,1.5,2.0,2.6,1.1,0.3,0.5,2.5,6.8,0.9,1.0,366.0
GG Jackson,78425503,MEM,"SF,PF,C",2025-26,55.0,21.42,12.5,1.2,4.3,1.5,0.6,0.8,1.5,4.6,9.3,2.0,2.7,233.0
Andre Drummond,79500519,NYK,C,2025-26,63.0,19.53,6.4,0.5,8.4,1.3,0.6,0.8,1.0,2.5,5.3,0.8,1.3,241.0
Dean Wade,93173731,PHI,"SF,PF",2025-26,59.0,22.33,5.8,1.2,4.2,1.5,0.7,0.4,0.3,2.1,4.7,0.5,0.6,285.0
Kyle Kuzma,67457490,MIL,"SF,PF",2025-26,69.0,26.17,13.0,1.2,4.5,2.7,0.7,0.4,1.7,4.9,10.0,2.0,2.7,212.0
Malik Monk,4009345,SAC,"PG,SG",2025-26,62.0,22.0,12.5,2.0,1.9,3.0,0.6,0.4,1.5,4.5,10.2,1.5,1.7,197.0
Luke Kennard,83557834,PHX,"SG,SF",2025-26,78.0,21.55,8.4,1.5,2.3,2.2,0.7,0.1,0.8,3.0,5.7,0.8,0.9,255.0
AJ Green,59666043,MIL,"PG,SG,SF",2025-26,78.0,29.1,10.4,3.0,2.7,1.9,0.5,0.1,1.0,3.4,7.9,0.7,0.8,260.0
Scoot Henderson,48163106,POR,PG,2025-26,30.0,24.92,14.2,1.9,2.7,3.7,0.9,0.3,2.4,4.8,11.4,2.8,3.3,202.0
Rui Hachimura,43197057,LAC,"SF,PF",2025-26,68.0,28.33,11.5,1.7,3.3,0.8,0.6,0.3,0.6,4.5,8.8,0.7,1.1,195.0
Daeqwon Plowden,29341282,SAC,"SG,SF",2025-26,32.0,26.37,10.8,1.9,3.0,1.3,0.7,0.2,0.8,3.8,8.7,1.3,1.5,376.0
John Poulakidas,22594123,DAL,"SG,SF",2025-26,13.0,19.45,8.8,2.4,2.3,0.8,0.5,0.3,0.3,3.0,7.0,0.5,0.5,475.0
Pelle Larsson,3148104,MIA,"SG,SF",2025-26,70.0,26.4,11.4,0.9,3.5,3.4,0.7,0.2,1.4,4.0,8.0,2.6,3.3,201.0
Jock Landale,33381528,ATL,C,2025-26,68.0,22.15,10.6,1.1,5.7,1.7,0.5,0.5,0.9,4.1,8.1,1.2,1.9,229.0
Keon Ellis,82027359,BKN,"SG,SF",2025-26,72.0,20.52,6.7,1.3,1.9,1.0,1.2,0.6,0.6,2.3,5.3,0.7,1.0,230.0
Mouhamadou Gueye,86690226,CHA,PF,2025-26,2.0,22.5,8.0,0.5,3.0,3.0,1.0,0.5,1.5,3.0,5.5,1.5,2.0,565.0
Zaccharie Risacher,42019137,DAL,"SF,PF",2025-26,67.0,22.42,9.6,1.4,3.8,1.1,0.9,0.5,0.9,3.6,8.0,0.9,1.3,215.0
Dru Smith,91929846,MIA,"PG,SG",2025-26,70.0,16.3,5.6,0.5,2.5,2.6,1.4,0.3,0.8,1.9,4.6,1.2,1.5,280.0
Kyle Anderson,53315255,TOR,"SF,PF",2025-26,43.0,19.83,6.2,0.1,3.5,2.9,1.0,0.6,0.9,2.5,4.7,1.1,1.6,317.0
Coby White,59926871,CHA,"PG,SG",2025-26,50.0,24.97,17.4,2.3,3.4,4.0,0.5,0.1,2.6,5.6,12.5,3.9,4.8,85.0
Alex Caruso,16405846,OKC,"SG,SF",2025-26,56.0,18.2,6.2,0.9,2.8,2.0,1.3,0.3,0.9,2.3,5.4,0.7,0.9,282.0
Vit Krejci,38901644,POR,"SG,SF",2025-26,65.0,21.42,8.5,2.0,2.3,1.5,0.7,0.3,0.6,3.0,6.6,0.6,0.8,281.0
Ja'Kobe Walter,21740423,TOR,"PG,SG",2025-26,72.0,20.47,7.5,1.5,2.6,1.2,1.0,0.2,0.5,2.5,5.6,1.0,1.3,272.0
Tyler Burton,91440807,MEM,PF,2025-26,12.0,25.57,10.8,1.8,4.2,1.0,0.9,0.3,0.9,3.5,9.3,1.9,2.3,478.0
Lawson Lovering,8823728,MEM,C,2025-26,2.0,24.5,7.0,0.0,7.5,1.5,1.5,0.5,1.0,3.0,5.0,1.0,2.5,571.0
Egor Demin,1888607,BKN,"PG,SG",2025-26,52.0,25.15,10.3,2.4,3.2,3.3,0.8,0.3,1.7,3.4,8.6,1.0,1.3,135.0
Brandon Williams,85651441,GSW,PG,2025-26,66.0,22.17,13.0,0.5,2.9,3.9,0.9,0.3,1.9,4.4,9.3,3.7,4.6,288.0
Taurean Prince,90743842,DET,"SF,PF",2025-26,26.0,23.5,9.2,2.3,3.1,1.8,0.6,0.2,1.2,3.3,7.3,0.2,0.2,340.0
Harrison Barnes,9978953,SAS,PF,2025-26,77.0,25.78,9.9,1.8,2.8,1.9,0.6,0.2,0.8,3.4,7.5,1.3,1.6,256.0
Jamir Watkins,86647377,WAS,"SG,SF",2025-26,50.0,20.63,7.4,0.9,3.9,1.3,1.1,0.5,0.8,2.6,5.9,1.1,1.6,338.0
Kennedy Chandler,78834234,UTA,PG,2025-26,11.0,32.27,15.0,1.4,3.4,6.7,1.0,0.2,2.1,5.5,12.5,2.5,3.9,494.0
Jaylen Wells,13639309,MEM,"SG,SF",2025-26,69.0,26.38,12.5,1.9,3.2,1.6,0.9,0.1,1.1,4.4,10.1,1.9,2.5,227.0
Karlo Matkovic,66246652,NOP,"PF,C",2025-26,62.0,14.7,5.7,0.6,3.7,0.8,0.4,0.9,0.5,2.3,3.8,0.5,0.7,284.0
Olivier-Maxence Prosper,13431524,MEM,"SF,PF,C",2025-26,53.0,18.57,10.0,1.1,3.5,1.0,0.8,0.2,0.9,3.6,6.6,1.6,2.2,318.0
De'Andre Hunter,42877028,SAC,"SF,PF",2025-26,45.0,26.12,13.7,1.7,4.1,2.0,0.7,0.1,1.7,4.6,11.1,2.8,3.2,236.0
Gui Santos,56884921,GSW,"SF,PF",2025-26,68.0,20.5,9.2,1.1,3.9,2.3,0.9,0.3,1.5,3.4,6.8,1.3,1.8,200.0
Svi Mykhailiuk,93752000,UTA,"SG,SF",2025-26,50.0,23.12,9.4,2.0,2.5,1.9,0.5,0.1,0.8,3.5,7.2,0.5,0.6,324.0
Luguentz Dort,33393754,ATL,"SG,SF",2025-26,69.0,26.8,8.3,1.9,3.6,1.2,0.9,0.4,0.8,2.9,7.6,0.6,0.8,264.0
Jarace Walker,91634283,IND,"SF,PF",2025-26,76.0,25.7,11.6,1.8,5.1,2.5,0.8,0.3,1.8,4.0,9.6,1.8,2.4,267.0
Bruce Brown,46978334,DEN,"PG,SG",2025-26,82.0,24.37,7.9,0.7,3.9,2.1,1.0,0.2,1.1,3.0,6.4,1.2,1.5,266.0
Craig Porter Jr.,19728390,CLE,"PG,SG",2025-26,64.0,17.93,4.5,0.5,3.4,3.2,0.9,0.6,0.9,1.8,4.0,0.4,0.6,301.0
Isaac Okoro,43130837,CHI,"SG,SF",2025-26,63.0,26.9,9.3,1.2,2.7,1.6,0.7,0.5,0.7,3.3,7.3,1.4,1.8,286.0
Jordan Miller,28827705,LAC,"SG,SF",2025-26,60.0,22.07,10.0,0.6,3.0,2.3,0.8,0.2,1.1,3.5,6.7,2.3,2.9,314.0
Yves Missi,10857568,NOP,C,2025-26,66.0,19.65,5.7,0.0,5.8,1.3,0.3,1.5,0.8,2.4,4.5,0.9,1.5,186.0
Will Richard,75627951,GSW,"SG,SF",2025-26,69.0,19.95,6.4,1.0,2.5,1.3,1.2,0.1,0.8,2.3,5.0,0.7,0.8,297.0
Tristen Newton,48637325,HOU,"SG,SF",2025-26,1.0,12.0,12.0,2.0,3.0,0.0,1.0,0.0,0.0,4.0,9.0,2.0,3.0,586.0
Jaxson Hayes,35392743,UTA,C,2025-26,66.0,18.28,7.5,0.0,4.1,0.9,0.4,0.8,0.5,3.0,4.0,1.5,2.3,283.0
Aaron Wiggins,18729970,ATL,"SG,SF",2025-26,65.0,21.75,9.4,1.5,3.1,1.7,0.9,0.4,1.2,3.6,8.2,0.8,1.1,271.0
Zach Collins,65758172,CHI,C,2025-26,10.0,18.4,9.7,0.9,5.6,1.5,0.2,0.4,1.0,3.7,6.4,1.4,2.0,423.0
Oso Ighodaro,63947201,PHX,C,2025-26,82.0,22.05,6.5,0.0,5.1,2.3,0.9,0.7,1.2,2.9,4.5,0.6,1.4,239.0
Jose Alvarado,35327010,NYK,PG,2025-26,69.0,19.85,7.4,1.5,2.5,3.4,1.0,0.1,1.1,2.7,6.5,0.5,0.7,276.0
Isaiah Jackson,31561883,LAC,C,2025-26,55.0,16.5,6.7,0.0,5.3,0.9,0.7,0.9,1.1,2.7,4.3,1.2,1.9,228.0
Luka Garza,53804061,BOS,C,2025-26,69.0,16.2,8.1,0.8,4.1,1.0,0.4,0.4,0.7,3.0,5.2,1.3,1.7,298.0
Jordan Walsh,20660545,BOS,"SF,PF",2025-26,68.0,17.82,5.4,0.7,4.0,0.8,0.7,0.5,0.5,2.0,3.9,0.6,0.8,299.0
Jordan Poole,40159363,NOP,"PG,SG",2025-26,39.0,23.92,13.4,2.5,2.0,3.1,0.6,0.4,1.8,4.2,11.4,2.5,2.9,237.0
Lonzo Ball,39115523,CLE,"PG,SG",2025-26,35.0,20.8,4.6,1.1,4.0,3.9,1.3,0.3,1.5,1.5,5.0,0.4,0.6,351.0
Ronald Holland II,66703576,DET,"SF,PF",2025-26,78.0,19.87,8.2,0.6,4.0,1.2,1.2,0.3,1.2,3.0,7.0,1.5,1.9,226.0
Dennis Schroder,11172903,CHA,"PG,SG",2025-26,70.0,24.23,10.8,1.1,2.7,4.9,0.8,0.2,1.8,3.6,9.0,2.4,2.9,269.0
Spencer Jones,6311558,DEN,"SF,PF",2025-26,64.0,22.13,5.5,0.9,3.3,0.8,0.8,0.5,0.5,2.1,4.1,0.5,0.8,319.0
Grant Williams,36081489,CHA,"PF,C",2025-26,36.0,19.75,7.0,1.4,3.9,1.6,0.5,0.5,0.9,2.2,5.1,1.2,1.5,357.0
Taylor Hendricks,95368293,MEM,"PF,C",2025-26,59.0,18.95,7.4,1.1,3.7,0.9,0.8,0.5,0.8,2.8,6.0,0.8,1.2,238.0
Quinten Post,56618551,MEM,C,2025-26,67.0,17.3,7.7,1.4,4.0,1.4,0.4,0.5,0.8,2.9,6.6,0.5,0.6,293.0
Daniss Jenkins,76442864,DET,"PG,SG",2025-26,72.0,20.2,9.3,1.0,2.3,3.9,0.9,0.2,1.6,3.2,7.9,1.9,2.2,224.0
Danny Wolf,29040914,BKN,"PF,C",2025-26,57.0,20.82,8.9,1.2,4.9,2.2,0.5,0.6,1.3,3.1,7.7,1.5,1.9,334.0
Dariq Whitehead,61958582,MEM,PF,2025-26,6.0,30.5,16.3,3.2,4.0,1.5,0.7,0.0,1.7,6.2,15.5,0.8,1.2,514.0
Kevin Love,50346402,UTA,"PF,C",2025-26,37.0,16.57,6.7,1.4,5.8,1.8,0.4,0.2,0.8,2.1,5.4,1.0,1.2,365.0
Charles Bassey,98798843,GSW,C,2025-26,13.0,11.77,5.8,0.0,4.4,0.5,0.3,0.8,0.5,2.4,3.6,1.1,1.5,451.0
Kris Murray,6051983,MEM,"SG,SF",2025-26,57.0,23.38,5.8,0.6,3.6,1.4,0.9,0.4,0.8,2.3,4.8,0.7,1.0,328.0
Tre Johnson,15236271,WAS,"PG,SG,SF",2025-26,60.0,24.05,12.2,1.9,2.8,2.0,0.6,0.3,1.6,4.5,10.8,1.3,1.5,242.0
Steven Adams,35066814,HOU,C,2025-26,32.0,22.8,5.8,0.0,8.6,1.5,0.7,0.6,1.1,2.2,4.3,1.5,2.5,398.0
Anthony Gill,45301889,WAS,"PF,C",2025-26,55.0,17.28,5.8,0.3,2.9,1.3,0.6,0.4,0.7,2.5,3.9,0.6,0.8,343.0
Skal Labissiere,52300287,WAS,C,2025-26,3.0,12.67,4.3,0.3,3.0,1.0,0.7,0.3,0.3,2.0,3.3,0.0,0.0,556.0
Terance Mann,43820951,BKN,"SG,SF",2025-26,63.0,24.27,7.2,0.9,3.2,3.0,0.7,0.2,1.1,2.7,5.8,1.0,1.3,295.0
Klay Thompson,97928433,MIA,"SG,SF",2025-26,69.0,21.7,11.7,2.9,2.1,1.4,0.5,0.3,0.9,4.1,10.6,0.5,0.7,273.0
Buddy Hield,86541125,ATL,"SG,SF",2025-26,51.0,16.05,7.6,1.5,2.3,1.4,0.8,0.2,0.9,2.8,6.4,0.6,0.7,307.0
Oscar Tshiebwe,64716560,HOU,"PF,C",2025-26,27.0,16.58,7.8,0.0,6.6,1.2,0.6,0.2,0.8,3.4,5.4,1.0,1.8,416.0
Bub Carrington,88032740,WAS,"PG,SG",2025-26,82.0,27.7,10.7,2.1,3.4,4.6,0.6,0.2,2.3,3.8,9.0,1.0,1.4,240.0
Jonathan Kuminga,43985581,MIN,"SF,PF",2025-26,36.0,23.05,12.2,1.0,5.6,2.3,0.6,0.3,1.9,4.4,9.4,2.5,3.4,207.0
Haywood Highsmith,98362110,PHX,"SF,PF",2025-26,7.0,13.0,5.4,1.1,1.9,1.0,0.6,0.0,0.0,1.7,3.3,0.9,1.0,421.0
Landry Shamet,13871214,NYK,"SG,SF",2025-26,51.0,22.95,9.3,2.0,1.8,1.4,0.6,0.2,0.6,3.1,7.1,1.1,1.5,341.0
Kentavious Caldwell-Pope,67441211,PHI,"SG,SF",2025-26,51.0,21.32,8.4,1.1,2.5,2.7,0.8,0.2,1.2,2.9,7.2,1.4,1.6,292.0
Jamal Shead,29371646,TOR,PG,2025-26,82.0,22.58,6.6,1.0,1.7,5.4,0.9,0.2,1.4,2.3,6.1,1.1,1.4,234.0
Baylor Scheierman,57194482,BOS,"SG,SF",2025-26,77.0,18.55,5.5,1.3,3.5,1.5,0.5,0.1,0.6,2.0,4.3,0.4,0.4,210.0
Jonas Valanciunas,68300670,DEN,C,2025-26,65.0,13.4,8.7,0.1,5.1,1.2,0.2,0.6,1.1,3.5,6.0,1.6,2.1,277.0
Kasparas Jakucionis,94652838,MIL,"PG,SG",2025-26,53.0,17.82,6.2,1.2,2.6,2.6,0.6,0.1,0.9,1.9,4.5,1.1,1.2,345.0
Bones Hyland,97455416,MIN,"PG,SG",2025-26,71.0,16.57,8.5,1.6,1.8,2.6,0.6,0.2,1.0,3.0,6.6,0.9,1.2,300.0
Caris LeVert,44262263,MIL,"SG,SF",2025-26,60.0,19.22,7.4,1.0,2.0,2.7,0.9,0.7,1.4,2.7,6.5,1.0,1.4,303.0
DeAndre Jordan,13668569,NOP,C,2025-26,12.0,16.57,4.4,0.0,6.3,0.9,0.3,0.8,0.8,1.8,2.7,0.9,1.4,467.0
Jaden Ivey,47164690,CHI,"PG,SG",2025-26,37.0,18.1,8.5,1.4,2.5,1.8,0.6,0.4,1.1,3.1,6.9,1.0,1.3,358.0
Khris Middleton,38655193,WAS,"SF,PF",2025-26,63.0,22.83,10.2,1.1,3.7,2.8,0.7,0.1,1.7,3.6,8.6,1.9,2.2,302.0
Keshon Gilbert,4188781,ATL,SG,2025-26,4.0,18.5,4.3,0.0,1.3,3.0,0.8,1.0,2.0,1.3,3.0,1.8,1.8,552.0
Bryce McGowens,35859908,NOP,"SG,SF",2025-26,42.0,20.95,8.1,0.9,2.1,1.5,0.6,0.2,0.4,2.7,5.6,1.8,2.3,372.0
Tristan Vukcevic,94494307,WAS,C,2025-26,49.0,13.68,9.0,1.0,3.0,1.1,0.5,0.7,1.3,3.1,6.5,1.8,2.3,342.0
Ryan Dunn,99458118,PHX,"SF,PF",2025-26,70.0,19.35,5.8,0.8,4.2,1.5,0.9,0.4,0.8,2.3,5.2,0.3,0.7,287.0
Adem Bona,1291232,PHI,C,2025-26,71.0,17.37,4.8,0.0,4.3,0.5,0.4,1.2,0.8,1.8,3.1,1.1,1.6,189.0
Simone Fontecchio,44180204,MIA,"SF,PF",2025-26,70.0,16.75,8.5,1.8,3.0,1.4,0.5,0.1,0.7,2.8,6.7,1.2,1.5,291.0
Vince Williams Jr.,78369660,UTA,"PG,SG",2025-26,40.0,20.5,7.5,1.4,3.9,4.2,0.7,0.4,1.8,2.6,7.3,1.0,1.3,367.0
Mouhamed Gueye,5380445,ATL,"PF,C",2025-26,77.0,15.3,4.4,0.5,3.6,0.9,0.8,0.5,0.4,1.7,3.8,0.5,0.8,290.0
Cody Williams,23657041,MIN,"SG,SF",2025-26,67.0,24.33,8.8,0.4,3.0,2.0,0.8,0.4,1.1,3.6,7.6,1.3,1.8,326.0
Ben Sheppard,36151564,IND,"SG,SF",2025-26,65.0,21.37,7.1,1.3,3.0,1.8,0.6,0.1,0.6,2.6,6.0,0.6,0.8,306.0
Quenton Jackson,39442496,IND,"PG,SG",2025-26,49.0,18.3,9.1,0.9,2.3,2.9,0.6,0.1,1.3,3.1,6.7,2.0,2.4,347.0
Nique Clifford,30294848,SAC,"SG,SF",2025-26,75.0,25.08,8.6,1.0,3.8,2.4,0.9,0.3,1.5,3.3,7.9,0.9,1.3,214.0
Leonard Miller,11707582,CHI,"SF,PF",2025-26,46.0,15.62,7.8,0.7,3.9,0.9,0.4,0.3,0.8,3.2,5.7,0.8,1.2,364.0
Will Riley,13903605,WAS,"SF,PF",2025-26,74.0,22.07,10.3,1.1,2.9,2.0,0.7,0.1,1.3,3.7,8.4,1.9,2.4,178.0
Jevon Carter,28581995,ORL,"PG,SG",2025-26,53.0,16.35,6.4,1.5,1.7,1.6,0.8,0.2,0.7,2.3,5.8,0.3,0.4,348.0
Thomas Bryant,67523539,CLE,C,2025-26,60.0,12.2,6.2,0.8,3.4,0.6,0.3,0.4,0.5,2.3,4.5,0.9,1.1,308.0
Cam Whitmore,26388372,CLE,"SF,PF",2025-26,21.0,16.85,9.2,0.8,2.8,0.7,0.7,0.4,0.9,3.7,8.0,1.1,1.5,419.0
Walter Clayton Jr.,96659400,MEM,"PG,SG",2025-26,69.0,20.42,7.8,1.1,2.0,4.0,0.6,0.3,1.7,2.6,6.7,1.6,1.8,323.0
DeJon Jarreau,41306951,MEM,SG,2025-26,11.0,21.0,8.0,0.4,4.6,3.3,0.9,0.7,2.4,3.0,7.5,1.6,2.1,503.0
Patrick Williams,2884241,CHI,"SF,PF",2025-26,72.0,20.47,7.0,1.3,3.0,1.5,0.7,0.4,1.0,2.5,6.6,0.8,1.0,312.0
Justin Edwards,730999,PHI,"SF,PF",2025-26,64.0,15.27,6.0,1.0,1.5,1.3,0.8,0.2,0.6,2.2,5.0,0.5,0.6,309.0
Clint Capela,60990375,HOU,C,2025-26,75.0,12.35,3.8,0.0,4.6,0.7,0.5,0.8,0.5,1.6,3.0,0.6,1.0,296.0
Elijah Harkless,20844189,DET,"PG,SG",2025-26,26.0,20.95,6.8,0.8,2.0,2.9,1.2,0.2,1.0,2.1,6.2,1.9,2.5,436.0
Jericho Sims,24402090,MIL,"PF,C",2025-26,67.0,19.67,5.0,0.0,5.5,1.6,0.3,0.3,1.1,2.2,2.8,0.7,1.1,331.0
Sion James,85882931,CHA,"SG,SF",2025-26,82.0,22.47,5.4,1.0,3.5,2.0,0.6,0.2,0.8,1.7,4.5,1.0,1.2,304.0
Corey Kispert,22667622,ATL,"SG,SF",2025-26,58.0,18.62,9.2,1.5,2.3,1.6,0.3,0.2,0.8,3.2,6.8,1.3,1.7,320.0
Enrique Freeman,79525463,MIN,PF,2025-26,4.0,9.25,3.3,0.5,2.5,0.5,0.5,0.8,0.5,1.0,2.0,0.8,1.0,551.0
Eric Gordon,64827493,MEM,"SG,SF",2025-26,6.0,12.32,5.5,1.3,0.3,0.5,0.7,0.2,0.5,2.0,3.5,0.2,0.3,487.0
Nicolas Batum,65784675,LAC,"SF,PF",2025-26,74.0,17.5,4.0,1.2,2.5,0.9,0.6,0.3,0.5,1.3,3.2,0.1,0.1,289.0
Kevon Looney,68174486,LAL,"PF,C",2025-26,21.0,14.67,2.8,0.1,5.6,1.6,0.4,0.5,0.4,1.2,2.9,0.3,0.5,397.0
Mike Conley,31859927,BOS,PG,2025-26,54.0,18.35,4.5,1.0,1.7,2.9,0.6,0.3,0.6,1.3,4.0,0.8,0.9,305.0
Pat Spencer,28415526,PHX,"PG,SG",2025-26,66.0,18.62,7.2,0.9,2.4,3.5,0.7,0.1,1.3,2.8,6.6,0.7,0.9,335.0
Kobe Sanders,55333226,LAC,"SG,SF",2025-26,68.0,19.87,7.3,1.2,2.3,1.6,0.7,0.1,1.2,2.6,5.6,0.8,1.0,332.0
Devin Carter,29469007,ATL,"PG,SG",2025-26,38.0,18.42,8.9,0.8,3.3,2.7,0.9,0.2,1.4,3.2,7.7,1.8,2.5,408.0
Branden Carlson,54427932,POR,C,2025-26,42.0,11.62,5.8,0.7,3.0,0.7,0.2,0.6,0.4,2.3,4.4,0.4,0.6,380.0
Rocco Zikarsky,29148876,MIN,C,2025-26,5.0,7.2,2.8,0.0,2.8,0.4,0.0,1.0,0.2,1.0,1.6,0.8,0.8,545.0
Seth Curry,28695121,GSW,"PG,SG",2025-26,10.0,13.3,7.1,1.2,1.2,1.0,0.3,0.0,0.2,2.4,4.9,1.1,1.2,447.0
Nae'Qwan Tomlin,44540013,CLE,"SF,PF",2025-26,64.0,15.68,5.8,0.4,2.9,0.8,0.6,0.5,0.5,2.3,4.9,0.7,1.0,330.0
Tyson Etienne,14173232,BKN,PG,2025-26,24.0,15.82,7.9,1.8,1.1,1.7,0.5,0.0,0.7,2.4,6.0,1.3,1.5,464.0
Jared McCain,7985347,OKC,"PG,SG",2025-26,67.0,17.3,8.3,1.5,2.0,1.3,0.5,0.1,0.8,3.0,7.2,0.8,0.9,223.0
Kenrich Williams,85424516,OKC,"PF,C",2025-26,56.0,15.27,6.5,0.9,3.3,1.4,0.6,0.1,0.8,2.5,5.3,0.6,0.9,339.0
Ethan Thompson,21694346,IND,"PG,SG",2025-26,32.0,20.4,7.0,1.2,2.2,1.8,0.6,0.3,0.8,2.3,6.1,1.2,1.5,433.0
Jarred Vanderbilt,72162832,LAL,"PF,C",2025-26,65.0,17.35,4.4,0.4,4.5,1.3,0.8,0.3,0.9,1.7,3.7,0.5,0.9,325.0
Killian Hayes,72312029,SAC,"PG,SG",2025-26,23.0,17.65,5.5,0.7,2.3,3.5,0.9,0.2,1.2,1.8,6.0,1.1,1.2,448.0
Pete Nance,75493,MIL,"SF,PF",2025-26,47.0,15.67,5.4,1.1,2.7,1.0,0.3,0.3,0.6,2.1,4.1,0.1,0.2,389.0
Caleb Love,52705578,PHI,"PG,SG",2025-26,49.0,20.67,10.4,1.9,2.3,2.5,0.6,0.1,1.3,3.9,10.0,0.7,1.0,390.0
Rayan Rupert,1167864,PHI,"SG,SF",2025-26,64.0,16.75,5.2,0.7,2.9,1.1,0.9,0.1,0.9,1.9,4.9,0.7,0.8,350.0
Tidjane Salaun,81041419,CHA,"PF,C",2025-26,37.0,15.53,6.0,1.0,4.0,0.7,0.4,0.2,0.7,2.2,4.3,0.7,1.1,393.0
Sharife Cooper,69390224,WAS,PG,2025-26,41.0,17.07,8.1,0.7,2.1,3.0,0.4,0.1,1.5,3.1,6.0,1.2,1.5,406.0
Jahmai Mashack,90714178,MEM,"PG,SG,SF",2025-26,31.0,21.7,6.2,0.6,2.6,2.2,1.2,0.5,1.6,2.5,6.3,0.6,1.1,442.0
Moussa Cisse,62055602,DAL,C,2025-26,38.0,13.95,4.5,0.0,5.7,0.2,0.5,1.2,0.8,1.7,3.0,1.0,2.1,218.0
Julian Strawther,81814220,DEN,"SG,SF",2025-26,57.0,15.1,7.2,1.0,2.0,1.1,0.4,0.1,0.6,2.6,5.6,1.0,1.2,337.0
Kobe Brown,8095826,IND,"SF,PF",2025-26,61.0,15.78,5.8,0.9,3.0,1.3,0.4,0.2,0.9,2.1,4.4,0.8,1.0,353.0
Olivier Sarr,25689950,CLE,C,2025-26,4.0,9.75,3.5,0.5,2.8,1.3,0.5,0.8,0.5,1.3,1.8,0.5,1.3,560.0
Tyrese Haliburton,99015935,IND,"PG,SG",2025-26,0.0,0.0,0.0,0.0,0.0,0.0,0.0,0.0,0.0,0.0,0.0,0.0,0.0,
Kyrie Irving,47349037,DAL,PG,2025-26,0.0,0.0,0.0,0.0,0.0,0.0,0.0,0.0,0.0,0.0,0.0,0.0,0.0,
Cameron Boozer,40564369,MEM,PF,2025-26,0.0,0.0,0.0,0.0,0.0,0.0,0.0,0.0,0.0,0.0,0.0,0.0,0.0,
Damian Lillard,67461970,POR,PG,2025-26,0.0,0.0,0.0,0.0,0.0,0.0,0.0,0.0,0.0,0.0,0.0,0.0,0.0,
AJ Dybantsa,86655289,WAS,SF,2025-26,0.0,0.0,0.0,0.0,0.0,0.0,0.0,0.0,0.0,0.0,0.0,0.0,0.0,
Bronny James,64635098,LAL,"PG,SG",2025-26,0.0,0.0,0.0,0.0,0.0,0.0,0.0,0.0,0.0,0.0,0.0,0.0,0.0,
Caleb Wilson,87610100,CHI,PF,2025-26,0.0,0.0,0.0,0.0,0.0,0.0,0.0,0.0,0.0,0.0,0.0,0.0,0.0,
Aday Mara,49639832,OKC,C,2025-26,0.0,0.0,0.0,0.0,0.0,0.0,0.0,0.0,0.0,0.0,0.0,0.0,0.0,
Darryn Peterson,4830035,UTA,SG,2025-26,0.0,0.0,0.0,0.0,0.0,0.0,0.0,0.0,0.0,0.0,0.0,0.0,0.0,
Allen Graves,5820951,TOR,PF,2025-26,0.0,0.0,0.0,0.0,0.0,0.0,0.0,0.0,0.0,0.0,0.0,0.0,0.0,
Johni Broome,70795203,LAC,C,2025-26,0.0,0.0,0.0,0.0,0.0,0.0,0.0,0.0,0.0,0.0,0.0,0.0,0.0,
Darius Acuff Jr.,12840440,SAC,PG,2025-26,0.0,0.0,0.0,0.0,0.0,0.0,0.0,0.0,0.0,0.0,0.0,0.0,0.0,
Yaxel Lendeborg,35120514,GSW,PF,2025-26,0.0,0.0,0.0,0.0,0.0,0.0,0.0,0.0,0.0,0.0,0.0,0.0,0.0,
Fred VanVleet,58225728,HOU,PG,2025-26,0.0,0.0,0.0,0.0,0.0,0.0,0.0,0.0,0.0,0.0,0.0,0.0,0.0,
Khaman Maluach,7710250,PHX,C,2025-26,0.0,0.0,0.0,0.0,0.0,0.0,0.0,0.0,0.0,0.0,0.0,0.0,0.0,
Keaton Wagler,88197393,LAC,SG,2025-26,0.0,0.0,0.0,0.0,0.0,0.0,0.0,0.0,0.0,0.0,0.0,0.0,0.0,
Mikel Brown Jr.,80465742,BKN,PG,2025-26,0.0,0.0,0.0,0.0,0.0,0.0,0.0,0.0,0.0,0.0,0.0,0.0,0.0,
Morez Johnson Jr.,50658835,DAL,PF,2025-26,0.0,0.0,0.0,0.0,0.0,0.0,0.0,0.0,0.0,0.0,0.0,0.0,0.0,
Brayden Burries,57965051,0,0,2025-26,0.0,0.0,0.0,0.0,0.0,0.0,0.0,0.0,0.0,0.0,0.0,0.0,0.0,
Tony Bradley,77577587,0,0,2025-26,0.0,0.0,0.0,0.0,0.0,0.0,0.0,0.0,0.0,0.0,0.0,0.0,0.0,
Hannes Steinbach,73982567,0,0,2025-26,0.0,0.0,0.0,0.0,0.0,0.0,0.0,0.0,0.0,0.0,0.0,0.0,0.0,
Moritz Wagner,53711310,0,0,2025-26,0.0,0.0,0.0,0.0,0.0,0.0,0.0,0.0,0.0,0.0,0.0,0.0,0.0,
