PLAYER,TEAM,POS,STATUS,PRE_RANK,CUR_RANK,PCT_OWNED,GP,MIN,FGM,FGA,FG_PCT,FTM,FTA,FT_PCT,FG3M,PTS,REB,AST,STL,BLK,TOV
Nikola Jokić,DEN,"C",,2,1,100%,65,34:51,9.9,17.4,.569,6.1,7.4,.831,1.7,27.7,12.9,10.7,1.4,0.8,3.7
Victor Wembanyama,SAS,"C",,1,2,100%,64,29:09,8.6,16.9,.512,5.8,7.0,.827,1.9,25.0,11.5,3.1,1.0,3.1,2.4
Shai Gilgeous-Alexander,OKC,"PG",,4,3,100%,68,33:13,10.8,19.4,.553,7.9,9.0,.879,1.7,31.1,4.3,6.6,1.4,0.8,2.2
Kawhi Leonard,LAC,"SG,SF,PF",,18,4,99%,65,32:04,9.8,19.4,.505,5.7,6.4,.892,2.6,27.9,6.4,3.6,1.9,0.4,2.0
Tyrese Maxey,PHI,"PG",,6,5,100%,70,38:00,9.9,21.4,.462,5.3,6.0,.892,3.1,28.3,4.1,6.6,1.9,0.8,2.4
Luka Dončić,LAL,"PG,SG",,3,6,100%,64,35:46,10.8,22.8,.476,7.9,10.1,.780,4.0,33.5,7.7,8.3,1.6,0.5,4.0
Donovan Mitchell,CLE,"PG,SG",,11,7,99%,70,33:27,9.7,20.0,.483,5.3,6.1,.865,3.2,27.9,4.5,5.7,1.5,0.3,2.8
Jamal Murray,DEN,"PG",,17,8,99%,75,35:21,8.8,18.1,.483,4.6,5.2,.887,3.3,25.4,4.4,7.1,0.9,0.4,2.3
Stephen Curry,GSW,"PG",,25,9,99%,43,30:54,8.7,18.6,.468,4.7,5.1,.923,4.4,26.6,3.6,4.7,1.1,0.4,2.8
Lauri Markkanen,UTA,"SF,PF",,44,10,95%,42,34:21,9.1,19.2,.477,5.7,6.4,.896,2.7,26.7,6.9,2.1,1.0,0.5,1.5
Trey Murphy III,NOP,"SG,SF",,30,11,97%,66,35:28,7.5,15.9,.470,3.3,3.7,.886,3.2,21.5,5.7,3.8,1.5,0.4,1.8
Walker Kessler,LAL,"C",,26,12,99%,5,30:48,5.2,7.4,.703,2.8,4.0,.700,1.2,14.4,10.8,3.0,1.4,1.8,3.2
Scottie Barnes,TOR,"SF,PF,C",,15,13,99%,80,33:30,7.1,14.0,.507,3.0,3.7,.815,0.9,18.1,7.5,5.9,1.4,1.5,2.6
Anthony Edwards,MIN,"PG,SG",,8,14,100%,61,35:01,9.9,20.2,.489,5.7,7.2,.796,3.4,28.8,5.0,3.7,1.4,0.8,2.9
Kevin Porter Jr.,MIL,"PG,SG",GTD,110,15,61%,38,33:10,6.3,13.5,.465,3.6,4.1,.878,1.2,17.4,5.2,7.4,2.2,0.5,2.9
Kevin Durant,HOU,"SG,SF,PF",GTD,14,16,99%,78,36:24,9.2,17.6,.520,5.2,6.0,.874,2.4,26.0,5.5,4.8,0.8,0.9,3.2
Chet Holmgren,OKC,"PF,C",,19,17,99%,69,28:56,6.3,11.3,.557,3.3,4.1,.792,1.3,17.1,8.9,1.7,0.6,1.9,1.6
Kadary Richmond,WAS,"SF,PF",NA,519,18,0%,3,22:19,3.3,5.3,.625,1.0,1.0,1.000,0.7,8.3,3.3,2.7,2.7,0.3,0.7
Anthony Davis,WAS,"PF,C",GTD,21,19,99%,20,31:18,8.5,16.7,.506,3.0,4.1,.728,0.5,20.4,11.1,2.8,1.1,1.7,2.1
Jalen Johnson,ATL,"SF,PF",,10,20,100%,72,35:10,8.3,17.1,.489,4.2,5.3,.788,1.7,22.5,10.3,7.9,1.2,0.4,3.4
Cade Cunningham,DET,"PG,SG",,5,21,99%,64,33:56,8.6,18.6,.461,4.8,6.0,.812,2.0,23.9,5.5,9.9,1.4,0.8,3.7
Jayson Tatum,BOS,"SF,PF",GTD,7,22,100%,16,32:37,7.4,17.9,.411,4.1,4.9,.823,2.9,21.8,10.0,5.3,1.4,0.2,2.4
Karl-Anthony Towns,NYK,"PF,C",,16,23,100%,75,30:57,6.9,13.8,.501,4.8,5.5,.858,1.5,20.1,11.9,3.0,0.9,0.5,2.5
James Harden,CLE,"PG,SG",,35,24,98%,70,34:49,7.0,16.0,.434,6.6,7.5,.884,3.1,23.6,4.8,8.0,1.1,0.4,3.5
Joel Embiid,PHI,"C",,48,25,97%,38,31:36,9.0,18.3,.489,7.5,8.8,.854,1.4,26.9,7.7,3.9,0.6,1.2,2.9
Michael Porter Jr.,BKN,"SF,PF",,67,26,86%,52,32:28,8.5,18.4,.463,3.8,4.4,.859,3.4,24.2,7.1,3.0,1.1,0.3,2.3
Jimmy Butler III,GSW,"SF,PF",INJ,129,27,61%,38,31:06,6.3,12.2,.519,6.5,7.6,.864,0.8,20.0,5.6,4.9,1.4,0.2,1.6
N. Alexander-Walker,ATL,"PG,SG",,55,28,88%,78,33:22,7.0,15.3,.459,3.6,3.9,.902,3.2,20.8,3.4,3.7,1.3,0.5,2.1
Derrick White,BOS,"PG,SG",,39,29,95%,77,34:05,5.7,14.4,.394,2.4,2.6,.902,2.7,16.5,4.4,5.4,1.1,1.3,1.7
Austin Reaves,LAL,"PG,SG,SF",,24,30,99%,51,34:33,7.3,14.9,.490,6.3,7.3,.871,2.3,23.3,4.7,5.5,1.1,0.4,3.0
Ty Jerome,MEM,"PG,SG",,87,31,74%,15,22:36,6.8,14.3,.474,3.3,3.7,.875,2.8,19.7,2.8,5.7,1.1,0.3,1.8
Jalen Duren,DET,"C",,29,32,98%,70,28:13,7.5,11.5,.650,4.6,6.1,.747,0.0,19.5,10.5,2.0,0.8,0.8,1.9
Paul George,BOS,"SF,PF",,75,33,82%,37,30:40,6.1,13.9,.439,2.5,3.0,.820,2.7,17.3,5.3,3.6,1.7,0.4,1.7
Amen Thompson,HOU,"PG,SG",,31,34,98%,79,37:22,7.1,13.2,.534,3.8,4.9,.779,0.3,18.3,7.8,5.3,1.5,0.6,2.4
Donovan Clingan,POR,"C",,38,35,96%,77,27:11,4.6,8.9,.520,1.8,2.6,.680,1.1,12.1,11.6,2.1,0.6,1.7,1.2
Bam Adebayo,MIA,"PF,C",GTD,36,36,99%,73,32:24,6.9,15.7,.442,4.5,5.8,.778,1.7,20.1,10.0,3.2,1.2,0.7,1.6
Onyeka Okongwu,ATL,"C",,57,37,88%,74,31:02,5.6,11.6,.480,2.1,2.7,.757,1.9,15.2,7.6,3.1,1.1,1.1,1.7
OG Anunoby,NYK,"SF,PF",,60,38,90%,67,33:11,5.8,12.0,.484,2.7,3.3,.828,2.3,16.7,5.2,2.2,1.6,0.7,1.8
Zach Edey,MEM,"C",GTD,62,39,84%,11,25:49,5.6,8.9,.633,2.3,2.9,.781,0.1,13.6,11.1,1.1,0.6,1.9,2.4
Mikal Bridges,NYK,"SF,PF",,73,40,84%,82,32:49,5.8,11.7,.490,1.0,1.2,.827,1.9,14.4,3.8,3.7,1.3,0.8,1.0
Keyonte George,UTA,"PG,SG",,47,41,92%,54,33:04,7.4,16.3,.456,6.2,7.0,.892,2.5,23.6,3.7,6.1,1.1,0.3,3.1
Desmond Bane,ORL,"SG,SF",,49,42,92%,82,33:36,7.1,14.7,.484,3.8,4.2,.908,2.0,20.1,4.1,4.1,1.0,0.5,2.0
Cooper Flagg,DAL,"SG,SF,PF",,13,43,100%,70,33:29,8.0,17.1,.468,4.0,4.9,.827,1.0,21.0,6.7,4.5,1.2,0.9,2.3
LaMelo Ball,MIN,"PG",,20,44,99%,72,28:00,7.0,17.3,.407,2.2,2.5,.899,3.8,20.1,4.8,7.1,1.2,0.2,2.8
Dyson Daniels,ATL,"SG,SF",,63,45,87%,76,33:09,5.3,10.2,.517,1.0,1.6,.615,0.3,11.9,6.8,5.9,2.0,0.4,1.8
Tyler Herro,MIL,"PG,SG",GTD,58,46,88%,33,31:18,7.5,15.6,.480,3.0,3.3,.917,2.5,20.5,4.8,4.1,0.7,0.4,1.9
Alondes Williams,WAS,"SG,SF",,512,47,0%,4,25:15,4.0,6.5,.615,1.8,2.0,.875,1.3,11.0,6.3,3.0,0.8,0.8,1.3
Jalen Brunson,NYK,"PG",GTD,28,48,99%,74,35:00,9.3,19.9,.467,4.8,5.7,.841,2.6,26.0,3.3,6.8,0.8,0.1,2.4
Ryan Rollins,MIL,"PG,SG",,69,49,82%,74,32:06,6.6,13.9,.472,1.7,2.1,.796,2.5,17.3,4.6,5.6,1.5,0.4,2.7
Jaren Jackson Jr.,UTA,"PF,C",GTD,50,50,93%,48,30:17,7.1,15.0,.476,3.4,4.2,.803,1.8,19.4,5.7,2.0,1.1,1.4,2.2
Alperen Şengün,HOU,"PF,C",,23,51,99%,72,33:18,8.1,15.6,.519,3.6,5.2,.691,0.6,20.4,8.9,6.2,1.2,1.1,3.2
LeBron James,PHI,"SF,PF",,42,52,98%,60,33:09,7.9,15.3,.515,3.9,5.3,.737,1.3,20.9,6.1,7.2,1.2,0.6,3.0
Brandon Miller,CHA,"SF,PF",GTD,46,53,93%,65,30:16,7.0,16.1,.435,3.1,3.4,.892,3.1,20.2,4.9,3.3,1.0,0.7,2.5
Alex Sarr,WAS,"C",GTD,56,54,87%,48,27:11,6.6,13.7,.482,2.1,3.0,.692,1.0,16.3,7.4,2.7,0.8,2.0,1.7
Jaylen Brown,PHI,"SG,SF,PF",,40,55,99%,71,34:24,10.4,21.7,.477,6.0,7.5,.795,2.0,28.7,6.9,5.1,1.0,0.4,3.6
G. Antetokounmpo,MIA,"PF,C",GTD,9,56,100%,36,28:51,10.4,16.6,.624,6.4,9.9,.650,0.4,27.6,9.8,5.4,0.9,0.7,3.2
Evan Mobley,CLE,"PF,C",,32,57,98%,65,31:54,7.2,13.2,.546,2.8,4.6,.606,1.0,18.2,9.0,3.6,0.7,1.7,1.9
Kel'el Ware,MIL,"C",,82,58,80%,77,22:07,4.5,8.4,.530,0.9,1.2,.740,1.2,11.1,9.0,0.7,0.8,1.1,0.8
Jalen Suggs,ORL,"PG,SG",,102,59,68%,57,27:36,4.9,11.4,.435,1.8,2.1,.855,2.1,13.8,3.9,5.5,1.8,0.7,2.7
VJ Edgecombe,PHI,"PG,SG",,71,60,88%,75,34:58,6.0,13.7,.438,2.0,2.4,.818,2.0,16.0,5.6,4.2,1.4,0.5,1.8
Immanuel Quickley,TOR,"PG,SG",,90,61,74%,70,31:52,5.7,12.9,.443,2.4,3.0,.821,2.5,16.4,4.0,5.9,1.3,0.1,1.5
Devin Booker,PHX,"PG,SG",,33,62,99%,64,33:31,8.5,18.7,.456,7.1,8.1,.873,1.9,26.1,3.9,6.0,0.8,0.3,3.1
Dejounte Murray,NOP,"PG",,59,63,85%,14,27:47,6.3,13.0,.484,2.8,3.2,.867,1.4,16.7,5.4,6.4,1.6,0.2,3.4
Nikola Vučević,ORL,"C",,174,64,34%,64,28:24,6.2,12.5,.493,1.2,1.5,.828,1.6,15.1,8.4,3.3,0.6,0.6,1.3
Andrew Wiggins,MIA,"SG,SF,PF",,109,65,67%,68,30:20,5.7,12.1,.475,1.9,2.4,.784,2.0,15.4,4.8,2.7,1.1,1.0,1.5
Kon Knueppel,CHA,"SG,SF",,37,66,98%,81,31:29,6.4,13.4,.475,2.4,2.8,.863,3.4,18.5,5.3,3.4,0.7,0.2,2.0
Reed Sheppard,HOU,"PG,SG",,138,67,41%,82,26:10,5.0,11.5,.430,0.8,1.0,.802,2.8,13.5,2.9,3.4,1.5,0.7,1.5
Josh Giddey,CHI,"PG,SG",GTD,27,68,97%,54,32:03,5.9,13.3,.448,3.2,4.2,.763,1.9,17.0,8.3,9.1,1.0,0.5,3.6
Jarrett Allen,CLE,"C",,76,69,83%,56,27:07,6.0,9.4,.638,3.3,4.7,.709,0.0,15.4,8.5,1.8,1.0,0.8,1.3
Kristaps Porziņģis,GSW,"C",,105,70,69%,32,24:01,5.4,12.1,.446,4.2,4.9,.842,1.7,16.7,5.2,2.5,0.6,1.2,1.3
Neemias Queta,BOS,"C",,100,71,69%,76,25:20,4.3,6.6,.653,1.6,2.3,.703,0.0,10.2,8.4,1.7,0.8,1.3,1.0
Deni Avdija,POR,"SG,SF,PF",,41,72,97%,66,33:19,7.5,16.1,.462,7.4,9.2,.802,1.9,24.2,6.9,6.7,0.8,0.6,3.8
Brandon Ingram,TOR,"SG,SF,PF",GTD,77,73,83%,77,33:49,8.0,16.7,.477,3.8,4.6,.820,1.8,21.5,5.6,3.7,0.8,0.7,2.4
Jaden McDaniels,MIN,"SF",,74,74,82%,73,31:43,5.7,11.1,.515,2.0,2.4,.835,1.4,14.8,4.2,2.7,1.1,1.0,1.8
Mark Williams,PHX,"C",INJ,96,75,64%,60,23:36,4.7,7.3,.644,2.3,2.9,.771,0.0,11.7,8.0,1.0,0.9,0.9,1.1
Grayson Allen,CHA,"SG,SF",,171,76,20%,51,28:45,5.3,13.1,.403,2.8,3.3,.857,3.1,16.5,3.0,3.8,1.4,0.3,1.6
De'Aaron Fox,SAS,"PG",,84,77,80%,72,30:59,7.1,14.5,.486,2.6,3.4,.760,1.8,18.6,3.8,6.2,1.2,0.3,2.3
DeMar DeRozan,DEN,"SF,PF",,122,78,62%,77,31:15,6.5,13.1,.497,4.9,5.6,.868,0.6,18.4,2.9,4.1,1.0,0.3,1.2
Payton Pritchard,BOS,"PG",,80,79,80%,79,32:21,6.4,13.8,.464,1.5,1.7,.890,2.7,17.0,3.9,5.2,0.7,0.1,1.4
Jalen Williams,OKC,"SF,PF",GTD,43,80,95%,33,28:21,6.5,13.5,.484,3.3,3.9,.837,0.7,17.1,4.6,5.5,1.2,0.3,1.9
Norman Powell,CHI,"SG,SF",,91,81,77%,58,29:36,7.3,15.4,.470,4.5,5.5,.827,2.7,21.7,3.5,2.5,1.1,0.2,1.9
Josh Hart,NYK,"SG,SF",,97,82,78%,66,30:12,4.6,9.0,.508,1.4,1.9,.720,1.5,12.0,7.4,4.8,1.1,0.3,1.9
Keegan Murray,SAC,"SF,PF",GTD,118,83,59%,23,34:28,5.5,13.0,.420,1.7,2.1,.776,1.3,14.0,5.7,1.7,1.0,1.6,1.2
Franz Wagner,ORL,"SF,PF",GTD,51,84,92%,34,29:58,7.2,14.9,.481,4.8,5.8,.823,1.4,20.6,5.2,3.3,0.9,0.3,1.7
Naz Reid,CHA,"PF,C",,61,85,87%,77,26:03,5.2,11.3,.456,1.2,1.6,.732,2.1,13.6,6.2,2.2,1.0,1.0,1.6
Matas Buzelis,CHI,"SF,PF",,83,86,83%,77,29:11,5.8,12.5,.463,2.4,3.1,.786,2.2,16.3,5.8,2.1,0.7,1.5,2.1
Tre Jones,CHI,"PG,SG",,173,87,15%,65,26:57,5.2,9.5,.553,2.9,3.5,.841,0.6,14.1,3.1,5.4,1.2,0.2,1.4
Saddiq Bey,NOP,"SF,PF",,126,88,46%,72,31:11,6.1,13.4,.451,3.4,4.1,.841,2.1,17.7,5.6,2.5,0.9,0.1,0.9
Collin Gillespie,PHX,"PG,SG",,131,89,29%,80,28:31,4.4,10.5,.418,1.0,1.1,.874,2.9,12.7,4.1,4.6,1.2,0.2,1.6
Jabari Smith Jr.,HOU,"PF,C",,111,90,70%,77,35:07,5.7,12.6,.450,2.1,2.7,.775,2.3,15.8,6.9,1.9,0.7,0.9,1.4
Julius Randle,BKN,"PF",,64,91,87%,79,33:02,7.3,15.3,.481,5.0,6.3,.802,1.4,21.1,6.7,5.0,1.1,0.2,2.7
Donte DiVincenzo,MIN,"SG,SF",INJ,251,92,12%,82,30:24,4.1,10.2,.406,1.0,1.3,.743,3.0,12.2,4.1,3.8,1.3,0.4,1.4
Darius Garland,LAC,"PG",,53,93,88%,45,29:52,6.9,14.9,.460,2.3,2.7,.861,2.7,18.8,2.4,6.7,1.0,0.2,2.9
Cormac Ryan,MIL,"PG,SG",,457,94,0%,11,24:38,4.8,9.3,.520,2.2,2.4,.923,2.5,14.3,2.5,1.7,1.0,0.3,1.5
Rudy Gobert,MIN,"C",,78,95,84%,76,31:19,4.4,6.5,.682,2.1,4.0,.526,0.0,10.9,11.5,1.7,0.8,1.6,1.4
Ausar Thompson,DET,"SG,SF,PF",,92,96,79%,73,25:58,4.2,7.9,.525,1.5,2.6,.571,0.1,9.9,5.7,3.1,2.0,0.9,1.5
Kyshawn George,WAS,"SG,SF,PF",,106,97,64%,48,28:58,5.3,12.0,.438,2.2,2.7,.802,2.1,14.8,5.1,4.5,1.0,0.9,2.6
Isaiah Hartenstein,OKC,"C",GTD,99,98,70%,47,24:11,3.9,6.3,.622,1.4,2.2,.610,0.0,9.2,9.4,3.5,1.0,0.8,1.7
Ayo Dosunmu,MIN,"PG,SG",,101,99,67%,69,27:15,5.6,10.8,.517,1.8,2.1,.876,1.8,14.8,3.4,3.6,0.8,0.3,1.4
Deandre Ayton,WAS,"C",,160,100,20%,72,27:11,5.6,8.3,.671,1.3,2.0,.645,0.0,12.5,8.0,0.8,0.6,1.0,1.2
Jay Huff,IND,"C",,165,101,13%,82,20:57,3.5,7.5,.476,1.0,1.2,.828,1.5,9.5,4.0,1.5,0.5,1.9,0.9
Julian Champagnie,SAS,"SF,PF",,151,102,22%,82,27:37,3.7,8.4,.437,1.4,1.6,.844,2.4,11.1,5.8,1.5,0.8,0.5,0.8
Pascal Siakam,IND,"PF,C",,52,103,95%,62,33:10,9.0,18.6,.484,4.2,6.1,.693,1.7,24.0,6.6,3.8,1.1,0.4,2.2
Ajay Mitchell,OKC,"PG,SG",GTD,142,104,28%,57,25:50,5.0,10.4,.485,2.5,2.8,.870,1.1,13.6,3.3,3.6,1.2,0.3,1.4
Myles Turner,MIL,"C",,95,105,74%,71,26:55,4.0,9.1,.440,1.8,2.5,.740,2.1,11.9,5.3,1.5,0.7,1.6,1.2
Bez Mbeng,CHA,"PG,SG",,431,106,0%,15,32:48,3.3,6.7,.500,1.1,1.7,.640,0.4,8.1,3.8,4.1,2.3,0.3,1.5
Cason Wallace,OKC,"PG,SG,SF",,154,107,43%,77,26:34,3.3,7.6,.432,0.7,0.9,.809,1.3,8.6,3.1,2.6,1.9,0.4,0.9
Kelly Oubre Jr.,IND,"SF,PF",,145,108,23%,50,31:28,5.1,10.9,.467,2.2,2.9,.766,1.7,14.1,5.0,1.6,1.4,0.5,1.4
Jalen Slawson,IND,"SF,PF",,439,109,0%,13,23:55,2.6,5.9,.442,0.9,1.3,.706,1.2,7.3,4.4,2.8,1.5,1.1,1.3
Jrue Holiday,POR,"PG,SG",,133,110,33%,53,29:25,6.0,13.4,.451,1.7,2.0,.838,2.6,16.3,4.6,6.1,1.0,0.1,2.8
Zion Williamson,NOP,"PF,C",,72,111,86%,62,29:41,7.8,13.0,.600,5.4,7.5,.716,0.0,21.0,5.7,3.2,1.0,0.5,2.0
Tobias Harris,SAS,"PF",,183,112,19%,63,27:42,4.9,10.5,.469,2.2,2.5,.866,1.3,13.3,5.1,2.5,0.9,0.4,1.0
Devin Vassell,SAS,"SG,SF",,161,113,30%,67,30:30,4.9,11.3,.437,1.6,1.9,.815,2.5,13.9,4.0,2.5,0.9,0.4,0.9
Cam Spencer,MEM,"PG,SG",,208,114,9%,72,23:48,3.7,7.7,.473,1.8,1.9,.940,2.0,11.1,2.5,5.6,0.7,0.2,1.3
Robert Williams III,POR,"C",,170,115,10%,59,17:04,3.0,4.2,.708,0.6,1.0,.596,0.2,6.7,7.0,1.0,0.6,1.5,0.8
Miles Bridges,PHX,"PF",,104,116,73%,77,31:00,6.2,13.5,.460,2.7,3.3,.822,1.9,17.1,5.8,3.2,0.6,0.4,1.4
John Collins,DET,"PF,C",,121,117,60%,69,27:07,5.3,9.6,.552,1.7,2.2,.766,1.3,13.6,5.3,1.0,0.9,0.7,1.4
Ivica Zubac,IND,"C",,68,118,85%,48,30:07,6.0,10.0,.598,2.1,3.0,.711,0.0,14.1,10.6,2.2,0.4,0.8,1.8
Zach LaVine,SAC,"PG,SG,SF",GTD,125,119,59%,39,31:22,6.7,14.0,.479,3.2,3.6,.880,2.5,19.2,2.8,2.3,0.7,0.3,1.9
Santi Aldama,DAL,"PF",GTD,190,120,13%,43,27:51,5.3,11.1,.479,1.8,2.7,.667,1.6,14.0,6.7,2.9,0.9,0.7,1.3
Jakob Poeltl,TOR,"C",,136,121,31%,46,24:58,4.7,6.7,.700,1.3,2.1,.602,0.0,10.7,7.0,2.0,0.9,0.7,1.2
Domantas Sabonis,SAC,"PF,C",GTD,34,122,97%,19,29:40,6.3,11.6,.543,2.9,4.1,.727,0.3,15.8,11.4,4.1,0.9,0.2,2.7
Daniel Gafford,DAL,"C",,134,123,26%,55,21:43,3.8,5.7,.655,2.0,2.9,.683,0.0,9.5,6.9,1.1,0.8,1.3,1.1
Peyton Watson,CLE,"SF,PF",GTD,113,124,62%,54,29:35,5.3,10.8,.491,2.6,3.5,.730,1.5,14.6,4.9,2.1,0.9,1.1,1.7
Aaron Gordon,DEN,"PF,C",,156,125,40%,36,27:55,5.5,11.1,.497,3.5,4.5,.767,1.7,16.2,5.8,2.7,0.6,0.3,1.1
Brandin Podziemski,GSW,"PG,SG",,107,126,62%,82,28:27,4.8,10.6,.455,2.3,2.9,.797,1.9,13.8,5.1,3.7,1.1,0.2,1.6
CJ McCollum,ATL,"PG,SG",,115,127,67%,76,29:47,6.9,15.2,.455,2.4,3.1,.772,2.5,18.7,3.3,3.9,0.8,0.5,1.8
Paolo Banchero,ORL,"PF",,54,128,94%,72,34:45,7.3,16.0,.459,6.3,8.2,.775,1.2,22.2,8.4,5.2,0.7,0.6,3.1
Wendell Carter Jr.,ORL,"C",,103,129,61%,78,29:19,4.2,8.2,.512,2.5,3.2,.792,0.9,11.8,7.4,2.0,0.8,0.6,1.3
Andrew Nembhard,IND,"PG,SG",,130,130,39%,57,31:19,5.8,13.2,.442,3.4,4.1,.825,1.9,16.9,2.8,7.7,0.9,0.1,2.4
Moussa Diabaté,CHA,"C",,177,131,21%,73,26:00,3.1,5.0,.631,1.6,2.4,.659,0.0,7.9,8.7,1.9,0.8,1.0,1.0
Trae Young,WAS,"PG",GTD,22,132,98%,15,25:36,5.4,11.8,.458,5.3,6.5,.825,1.8,17.9,2.0,8.0,0.9,0.1,2.6
Al Horford,GSW,"PF,C",,248,133,4%,45,21:31,3.1,7.2,.426,0.5,0.6,.846,1.6,8.3,4.9,2.6,0.7,1.1,0.9
Royce O'Neale,CHA,"SF,PF",,243,134,5%,78,28:22,3.4,8.0,.421,0.3,0.5,.711,2.7,9.8,4.8,2.7,1.1,0.4,1.3
Moses Moody,GSW,"SG,SF,PF",INJ,259,135,6%,60,25:40,4.1,9.3,.440,1.5,1.9,.770,2.5,12.1,3.3,1.6,1.0,0.6,1.0
Luke Kornet,SAS,"C",,220,136,5%,68,21:01,2.6,4.0,.643,1.4,1.7,.825,0.0,6.5,6.1,1.9,0.5,1.0,0.4
Toumani Camara,POR,"SF,PF",,120,137,55%,82,33:18,4.8,10.9,.440,1.2,1.7,.708,2.7,13.4,5.1,2.5,1.1,0.4,1.8
Ryan Kalkbrenner,CHA,"C",,194,138,11%,69,21:25,3.2,4.2,.753,1.2,1.7,.716,0.0,7.6,5.5,0.8,0.5,1.5,0.9
Sandro Mamukelashvili,LAL,"PF,C",,112,139,57%,80,21:53,4.1,7.9,.523,1.5,2.0,.747,1.4,11.2,4.9,1.9,0.8,0.5,0.8
Bilal Coulibaly,WAS,"SG,SF",,185,140,11%,56,26:12,4.1,9.7,.425,2.4,3.2,.746,1.2,11.7,4.3,2.6,1.3,1.0,1.4
Derik Queen,NOP,"PF,C",,94,141,78%,81,24:58,4.4,9.2,.473,2.7,3.4,.795,0.3,11.7,7.1,3.7,1.0,0.9,2.3
John Konchar,MIN,"SG,SF",NA,275,142,1%,56,19:54,1.7,3.6,.472,0.6,0.8,.727,0.5,4.4,4.3,2.1,1.5,0.7,0.6
Anthony Black,ORL,"PG,SG,SF",,143,143,35%,64,29:50,5.4,12.1,.447,2.6,3.6,.732,1.6,15.0,3.8,3.7,1.4,0.7,2.1
Ja Morant,POR,"PG",GTD,89,144,80%,20,28:27,6.6,16.1,.410,5.3,5.9,.897,1.0,19.5,3.3,8.1,1.0,0.3,3.6
Lucas Williamson,MEM,"SG",NA,499,145,0%,7,32:00,3.6,10.7,.333,1.1,1.1,1.000,2.1,10.4,5.4,2.6,1.6,0.1,1.4
Cameron Johnson,DEN,"SF,PF",,148,146,24%,54,30:30,4.2,8.8,.480,1.7,2.1,.839,2.0,12.2,3.8,2.4,0.7,0.4,0.9
Bobby Portis,MIA,"PF,C",,150,147,24%,67,24:09,5.5,11.2,.488,0.7,1.0,.706,2.0,13.7,6.4,1.6,0.6,0.2,1.0
Jaylon Tyson,CLE,"SG,SF,PF",,192,148,9%,66,26:55,5.0,10.2,.493,1.2,1.6,.738,2.0,13.2,5.1,2.2,0.8,0.4,1.5
Jordan Goodwin,PHX,"PG,SG",,261,149,2%,70,22:27,3.3,7.9,.413,0.6,0.8,.696,1.6,8.7,4.9,2.2,1.5,0.2,1.0
Jusuf Nurkić,UTA,"C",,114,150,58%,41,26:24,4.4,8.7,.503,1.5,2.8,.549,0.6,10.9,10.4,4.8,1.3,0.5,2.5
Matisse Thybulle,LAL,"SG,SF",,346,151,2%,30,16:00,1.9,4.5,.433,0.7,0.8,.840,1.2,5.8,2.0,0.9,2.0,0.5,0.9
P.J. Washington,DAL,"PF,C",,144,152,30%,56,31:00,5.3,11.8,.450,2.2,3.3,.687,1.4,14.2,7.0,1.8,1.0,1.1,1.7
Jerami Grant,MEM,"SF,PF",,172,153,20%,57,29:44,5.8,12.8,.453,4.6,5.6,.814,2.4,18.6,3.5,2.1,0.7,0.6,2.1
Kyle Filipowski,UTA,"PF,C",,166,154,18%,77,23:23,4.2,8.5,.492,2.1,2.8,.750,1.0,11.4,7.2,2.6,0.9,0.5,1.6
Andersson Garcia,UTA,"SF,PF",NA,517,155,0%,5,33:48,1.8,5.8,.310,1.4,1.8,.778,0.2,5.2,8.4,2.8,1.6,0.8,1.4
Kris Dunn,LAC,"PG,SG",,252,156,5%,82,27:12,2.8,5.8,.476,0.8,1.0,.765,1.0,7.3,3.3,3.6,1.6,0.2,1.4
Sam Merrill,CLE,"SG,SF",,222,157,5%,52,26:28,4.3,9.3,.461,1.1,1.3,.855,3.0,12.8,2.6,2.4,0.6,0.1,0.8
Justin Champagnie,WAS,"SF,PF",,253,158,2%,69,19:57,3.4,6.7,.502,1.2,1.5,.784,0.8,8.7,5.6,1.2,0.9,0.6,0.7
Tari Eason,HOU,"SG,SF,PF",,158,159,20%,60,25:49,4.0,9.7,.416,0.9,1.1,.776,1.6,10.5,6.3,1.5,1.2,0.5,1.4
Mitchell Robinson,BOS,"C",,188,160,21%,60,19:34,2.5,3.4,.723,0.7,1.7,.408,0.0,5.7,8.8,0.9,0.9,1.2,0.7
Derrick Jones Jr.,LAC,"SF,PF",,268,161,3%,50,27:00,3.8,7.6,.499,1.4,1.9,.763,1.1,10.1,3.5,1.4,0.9,1.0,0.8
Cedric Coward,MEM,"SG,SF",,108,162,70%,62,25:46,4.9,10.5,.471,2.3,2.7,.843,1.5,13.6,5.9,2.8,0.6,0.4,1.7
Stephon Castle,SAS,"PG,SG",,70,163,91%,68,29:58,5.7,12.0,.471,4.1,5.6,.734,1.2,16.7,5.3,7.4,1.1,0.3,3.2
Nic Claxton,CHI,"C",,98,164,72%,69,27:49,4.8,8.4,.571,2.0,3.3,.616,0.0,11.7,6.9,3.7,0.7,1.1,1.4
Maxime Raynaud,SAC,"C",,127,165,40%,74,26:32,5.2,9.1,.571,1.8,2.3,.786,0.3,12.5,7.5,1.4,0.5,0.5,1.3
Herbert Jones,NOP,"SG,SF",,179,166,15%,56,28:21,3.3,8.5,.383,0.9,1.1,.806,1.4,8.9,3.4,2.8,1.6,0.5,1.3
Dillon Brooks,PHX,"SF,PF",,155,167,36%,56,30:23,7.4,17.1,.435,3.0,3.6,.842,2.3,20.2,3.6,1.8,1.0,0.2,1.8
Shaedon Sharpe,POR,"PG,SG",INJ,146,168,23%,50,29:25,7.8,17.4,.452,3.1,3.9,.787,2.1,20.8,4.3,2.6,1.4,0.1,2.9
Naji Marshall,DAL,"SG,SF,PF",,203,169,12%,74,29:30,5.7,11.1,.510,3.1,4.1,.760,0.8,15.2,4.7,3.3,1.1,0.1,1.6
RJ Barrett,TOR,"SG,SF,PF",,123,170,66%,57,30:16,7.0,14.3,.491,3.5,4.9,.717,1.7,19.3,5.3,3.3,0.7,0.3,1.7
Christian Braun,DEN,"SG,SF,PF",,167,171,28%,44,31:48,4.6,8.8,.519,1.8,2.3,.782,1.0,12.0,4.8,2.7,0.7,0.3,1.0
Davion Mitchell,MIA,"PG",,137,172,32%,70,28:34,3.7,7.6,.490,0.6,0.9,.646,1.3,9.3,2.7,6.5,1.0,0.2,1.5
Miles McBride,NYK,"PG,SG",,294,173,4%,41,26:20,4.2,9.9,.423,0.9,1.1,.787,2.7,12.0,2.4,2.6,0.9,0.2,0.8
DaQuan Jeffries,SAC,"SG,SF",NA,477,174,0%,3,20:00,3.7,6.3,.579,1.7,1.7,1.000,1.3,10.3,1.7,0.3,0.7,0.0,0.0
Bennedict Mathurin,NOP,"SG,SF",,175,175,23%,54,30:00,5.4,12.5,.430,5.4,6.2,.869,1.4,17.6,5.4,2.4,0.8,0.2,2.2
Duncan Robinson,DET,"SG,SF",,205,176,11%,77,27:26,4.1,9.1,.456,1.1,1.4,.755,2.9,12.2,2.7,2.1,0.6,0.3,0.7
Adama Bal,MEM,"SF",NA,489,177,0%,8,30:07,3.5,8.5,.412,1.1,1.3,.900,2.3,10.4,3.1,2.4,1.1,0.1,0.8
Julian Reese,DEN,"C",NA,471,178,0%,13,30:55,4.8,9.2,.529,2.2,3.4,.636,0.0,11.8,10.5,1.8,1.4,0.6,2.5
Quentin Grimes,LAL,"SG,SF",,140,179,30%,75,29:24,4.5,10.1,.450,2.7,3.2,.840,1.7,13.4,3.6,3.3,0.9,0.4,1.8
Dylan Cardwell,SAC,"PF,C",,206,180,6%,44,20:36,2.4,4.1,.587,0.6,1.2,.510,0.0,5.4,7.5,1.4,0.7,1.5,0.9
Jalen Smith,CHI,"PF,C",,217,181,5%,53,20:39,3.7,7.6,.483,1.3,1.8,.742,1.5,10.2,6.7,1.2,0.5,0.8,1.0
Scotty Pippen Jr.,MEM,"PG",GTD,176,182,14%,10,21:12,4.3,9.6,.448,1.8,2.3,.783,1.0,11.4,2.2,4.7,1.9,0.4,2.7
Jaime Jaquez Jr.,MIL,"SG,SF,PF",,117,183,70%,75,28:16,6.2,12.2,.507,2.2,2.9,.769,0.8,15.4,5.0,4.7,0.7,0.3,2.0
Collin Sexton,LAL,"PG,SG",,187,184,19%,68,23:44,5.3,10.9,.485,3.2,3.8,.855,1.6,15.4,2.3,3.3,1.1,0.1,2.1
Isaiah Stewart,MEM,"PF,C",,157,185,20%,58,22:42,3.8,6.9,.550,1.7,2.3,.756,0.7,10.0,5.0,1.1,0.3,1.6,1.2
Isaiah Joe,DET,"SG,SF",,213,186,7%,71,21:13,3.5,7.6,.455,1.5,1.7,.894,2.5,11.1,2.5,1.3,0.7,0.2,0.6
Malachi Smith,TOR,"SG",,445,187,0%,15,23:55,3.2,6.6,.485,0.5,0.5,1.000,1.3,8.3,3.4,3.3,0.8,0.3,0.9
Leaky Black,WAS,"SF,PF",NA,450,188,0%,15,28:52,2.7,6.9,.388,0.5,0.5,.875,1.3,7.1,5.0,1.5,1.2,0.5,0.9
Russell Westbrook,SAC,"PG,SG",NA,262,189,2%,64,28:57,5.6,13.1,.427,2.0,2.9,.694,2.0,15.2,5.4,6.7,1.3,0.2,3.3
T.J. McConnell,IND,"PG",,247,190,5%,56,17:12,4.3,8.0,.538,0.4,0.5,.862,0.3,9.4,2.2,5.1,1.0,0.2,1.1
Max Christie,DAL,"SG,SF",,219,191,8%,77,29:08,4.2,9.4,.441,1.6,1.8,.899,2.3,12.3,3.2,2.0,0.6,0.4,1.2
Ace Bailey,UTA,"SF,PF",,152,192,32%,72,27:36,5.5,12.4,.443,0.9,1.2,.750,1.9,13.8,4.2,1.8,0.8,0.7,1.5
Collin Murray-Boyles,TOR,"PF,C",GTD,128,193,45%,57,21:51,3.5,6.0,.579,1.2,1.9,.657,0.3,8.5,5.0,1.9,0.9,0.9,1.0
De'Anthony Melton,GSW,"PG,SG",,204,194,7%,49,22:57,4.4,10.8,.407,2.0,2.5,.826,1.5,12.3,3.2,2.6,1.6,0.4,1.9
Kevin Huerter,DET,"SG,SF",,257,195,2%,69,22:27,3.9,8.6,.451,0.8,1.0,.775,1.4,10.0,3.5,2.6,0.9,0.5,1.0
Ziaire Williams,LAL,"SG,SF",,270,196,2%,56,22:52,3.3,7.7,.425,2.1,2.5,.850,1.5,10.2,2.4,1.1,1.4,0.4,1.1
Obi Toppin,IND,"SF,PF",,333,197,3%,24,17:40,4.2,8.3,.503,1.8,1.9,.913,1.5,11.6,4.4,2.3,0.5,0.0,1.2
Keldon Johnson,SAS,"SF,PF",,196,198,13%,82,23:18,5.0,9.7,.519,1.9,2.4,.794,1.2,13.2,5.4,1.4,0.6,0.1,0.9
Tristan da Silva,ORL,"SF,PF",,225,199,4%,77,24:39,3.6,8.1,.450,1.1,1.2,.884,1.6,9.9,3.7,1.6,0.9,0.3,0.9
Blake Hinson,UTA,"PF,C",,468,200,0%,14,20:21,4.2,8.2,.513,0.9,1.1,.750,2.6,11.9,2.4,1.1,0.4,0.1,0.4
Micah Potter,POR,"PF,C",,311,201,1%,47,19:19,3.2,6.2,.515,1.8,2.1,.842,1.5,9.7,5.0,1.5,0.5,0.3,1.0
Dereck Lively II,DAL,"C",GTD,211,202,14%,7,16:25,1.6,2.6,.611,1.1,1.4,.800,0.0,4.3,5.3,1.9,0.6,1.6,1.4
Precious Achiuwa,SAC,"PF,C",,198,203,7%,73,23:54,4.3,8.2,.528,1.1,1.9,.554,0.4,10.1,6.7,1.4,0.9,0.7,0.9
Tim Hardaway Jr.,MIA,"SG,SF",,184,204,12%,80,26:35,4.4,9.7,.447,2.0,2.5,.811,2.8,13.5,2.6,1.4,0.5,0.1,0.5
Marcus Smart,HOU,"PG,SG",,278,205,3%,62,28:31,3.0,7.7,.395,1.7,2.1,.822,1.6,9.3,2.8,3.0,1.4,0.4,1.5
Dylan Harper,SAS,"PG,SG",,79,206,84%,69,22:34,4.8,9.5,.505,1.3,1.7,.756,0.9,11.8,3.4,3.9,0.8,0.3,1.4
Day'Ron Sharpe,BKN,"C",,88,207,73%,62,18:42,3.5,5.7,.601,1.7,2.5,.678,0.1,8.7,6.7,2.3,1.1,0.4,1.7
Jake LaRavia,LAL,"SF,PF",,249,208,6%,82,25:07,2.9,6.4,.459,1.4,1.9,.763,1.0,8.2,4.0,1.8,1.3,0.5,1.1
Paul Reed,DET,"PF,C",,141,209,21%,65,13:51,3.2,5.2,.617,1.1,1.7,.664,0.2,7.8,4.5,1.2,0.9,0.9,0.9
Anfernee Simons,PHI,"PG,SG",,181,210,13%,55,24:57,5.2,11.8,.440,1.3,1.4,.896,2.7,14.3,2.5,2.4,0.5,0.1,1.2
Goga Bitadze,ORL,"C",,263,211,2%,64,15:11,2.4,3.5,.676,1.1,1.5,.711,0.0,5.9,5.0,1.3,0.6,1.0,0.7
Javon Small,MEM,"PG,SG",,344,212,1%,41,20:14,3.3,7.0,.465,1.7,2.0,.829,1.5,9.7,3.1,3.7,0.8,0.2,1.4
Marvin Bagley III,DEN,"PF,C",,221,213,4%,60,20:01,4.2,6.9,.618,1.6,2.4,.660,0.4,10.5,6.1,1.4,0.5,0.7,1.0
David Roddy,DEN,"SF,PF",,491,214,0%,5,14:36,3.0,6.0,.500,1.4,1.4,1.000,0.6,8.0,4.0,0.8,0.8,0.2,0.4
Draymond Green,GSW,"PF,C",,147,215,28%,68,27:29,3.0,7.2,.418,0.9,1.2,.702,1.5,8.4,5.5,5.5,0.9,0.6,2.7
Brook Lopez,LAC,"C",,139,216,21%,75,21:48,3.1,7.2,.428,0.7,1.0,.757,1.5,8.5,3.6,1.3,0.6,1.2,0.8
Hayden Gray,UTA,"SG",,578,217,0%,1,25:00,2.0,3.0,.667,2.0,2.0,1.000,0.0,6.0,0.0,1.0,1.0,1.0,1.0
Max Strus,LAC,"SF,PF",,235,218,5%,12,24:00,3.9,8.8,.443,0.6,0.8,.778,2.8,11.2,5.4,2.0,0.3,0.0,0.8
Jeremiah Fears,NOP,"PG,SG",,159,219,28%,82,25:45,5.3,12.3,.434,2.4,3.0,.789,1.2,14.3,3.7,3.4,1.2,0.4,2.2
Javonte Green,DET,"SG,SF",,254,220,1%,82,17:37,2.3,5.0,.447,1.3,1.5,.840,1.1,6.9,2.8,0.7,1.2,0.3,0.5
Chaney Johnson,BKN,"PF",,438,221,0%,17,20:28,3.0,5.5,.543,1.6,2.1,.800,0.5,8.2,4.6,2.1,0.9,0.5,1.2
Dominick Barlow,PHI,"PF,C",,274,222,2%,71,23:47,3.0,5.6,.539,1.3,1.8,.718,0.3,7.7,4.8,1.2,0.9,0.7,0.8
Aaron Nesmith,IND,"SG,SF",,199,223,13%,45,29:40,4.7,11.4,.414,2.0,2.5,.829,2.3,13.8,4.2,1.9,0.6,0.5,1.4
Gary Payton II,GSW,"SG,SF",,265,224,1%,73,15:38,3.3,5.7,.583,0.4,0.5,.650,0.5,7.5,3.6,1.7,0.9,0.3,0.8
Josh Minott,BKN,"SF,PF",,321,225,1%,49,17:01,2.6,5.1,.500,1.0,1.2,.787,1.3,7.4,3.2,0.9,0.9,0.5,0.9
Isaiah Collier,UTA,"PG,SG",,164,226,14%,59,25:42,4.3,8.7,.495,2.6,3.5,.722,0.5,11.7,2.5,7.2,1.1,0.3,2.5
Brice Sensabaugh,UTA,"SG,SF,PF",,258,227,5%,75,23:29,5.3,11.4,.460,2.2,2.7,.826,2.2,14.9,3.1,1.9,0.7,0.2,1.7
Jaylin Williams,OKC,"PF,C",,193,228,7%,65,19:39,2.3,5.4,.423,1.1,1.4,.793,1.5,7.2,5.5,2.4,0.5,0.6,1.0
Sam Hauser,BOS,"SF,PF",,246,229,6%,78,24:47,3.2,7.7,.419,0.2,0.3,.850,2.5,9.2,3.8,1.5,0.5,0.3,0.4
Noah Clowney,BKN,"PF,C",,279,230,5%,66,26:58,3.8,9.6,.396,2.7,3.4,.804,2.0,12.3,4.1,1.6,0.8,0.7,1.5
Jalen Green,PHX,"SG,SF",,124,231,70%,32,25:52,6.8,16.0,.422,2.0,2.7,.747,2.2,17.8,3.6,2.8,1.1,0.3,2.3
Cameron Payne,PHI,"PG,SG",NA,366,232,0%,22,17:00,2.5,6.8,.376,0.9,1.0,.864,1.5,7.4,2.0,2.6,1.1,0.3,0.5
GG Jackson,MEM,"SF,PF,C",,233,233,6%,55,21:25,4.6,9.3,.496,2.0,2.7,.742,1.2,12.5,4.3,1.5,0.6,0.8,1.5
Andre Drummond,NYK,"C",,241,234,9%,63,19:32,2.5,5.3,.472,0.8,1.3,.631,0.5,6.4,8.4,1.3,0.6,0.8,1.0
Dean Wade,PHI,"SF,PF",,285,235,2%,59,22:20,2.1,4.7,.439,0.5,0.6,.711,1.2,5.8,4.2,1.5,0.7,0.4,0.3
Kyle Kuzma,MIL,"SF,PF",,212,236,13%,69,26:10,4.9,10.0,.492,2.0,2.7,.726,1.2,13.0,4.5,2.7,0.7,0.4,1.7
Malik Monk,SAC,"PG,SG",,197,237,8%,62,22:00,4.5,10.2,.438,1.5,1.7,.879,2.0,12.5,1.9,3.0,0.6,0.4,1.5
Luke Kennard,PHX,"SG,SF",,255,238,4%,78,21:33,3.0,5.7,.533,0.8,0.9,.913,1.5,8.4,2.3,2.2,0.7,0.1,0.8
AJ Green,MIL,"PG,SG,SF",,260,239,4%,78,29:06,3.4,7.9,.424,0.7,0.8,.855,3.0,10.4,2.7,1.9,0.5,0.1,1.0
Scoot Henderson,POR,"PG",,202,240,11%,30,24:55,4.8,11.4,.418,2.8,3.3,.840,1.9,14.2,2.7,3.7,0.9,0.3,2.4
Rui Hachimura,LAC,"SF,PF",,195,241,16%,68,28:20,4.5,8.8,.514,0.7,1.1,.694,1.7,11.5,3.3,0.8,0.6,0.3,0.6
Daeqwon Plowden,SAC,"SG,SF",,376,242,1%,32,26:22,3.8,8.7,.430,1.3,1.5,.857,1.9,10.8,3.0,1.3,0.7,0.2,0.8
John Poulakidas,DAL,"SG,SF",,475,243,0%,13,19:27,3.0,7.0,.429,0.5,0.5,.857,2.4,8.8,2.3,0.8,0.5,0.3,0.3
Pelle Larsson,MIA,"SG,SF",,201,244,10%,70,26:24,4.0,8.0,.496,2.6,3.3,.797,0.9,11.4,3.5,3.4,0.7,0.2,1.4
Jock Landale,ATL,"C",,229,245,3%,68,22:09,4.1,8.1,.515,1.2,1.9,.635,1.1,10.6,5.7,1.7,0.5,0.5,0.9
Keon Ellis,BKN,"SG,SF",,230,246,4%,72,20:31,2.3,5.3,.440,0.7,1.0,.729,1.3,6.7,1.9,1.0,1.2,0.6,0.6
Mouhamadou Gueye,CHA,"PF",,565,247,0%,2,22:30,3.0,5.5,.545,1.5,2.0,.750,0.5,8.0,3.0,3.0,1.0,0.5,1.5
Zaccharie Risacher,DAL,"SF,PF",,215,248,9%,67,22:25,3.6,8.0,.455,0.9,1.3,.644,1.4,9.6,3.8,1.1,0.9,0.5,0.9
Dru Smith,MIA,"PG,SG",,280,249,1%,70,16:18,1.9,4.6,.415,1.2,1.5,.829,0.5,5.6,2.5,2.6,1.4,0.3,0.8
Kyle Anderson,TOR,"SF,PF",,317,250,1%,43,19:50,2.5,4.7,.530,1.1,1.6,.706,0.1,6.2,3.5,2.9,1.0,0.6,0.9
Coby White,CHA,"PG,SG",,85,251,77%,50,24:58,5.6,12.5,.446,3.9,4.8,.817,2.3,17.4,3.4,4.0,0.5,0.1,2.6
Alex Caruso,OKC,"SG,SF",,282,252,8%,56,18:12,2.3,5.4,.423,0.7,0.9,.804,0.9,6.2,2.8,2.0,1.3,0.3,0.9
Vít Krejčí,POR,"SG,SF",,281,253,1%,65,21:25,3.0,6.6,.448,0.6,0.8,.745,2.0,8.5,2.3,1.5,0.7,0.3,0.6
Ja'Kobe Walter,TOR,"PG,SG",,272,254,2%,72,20:28,2.5,5.6,.446,1.0,1.3,.789,1.5,7.5,2.6,1.2,1.0,0.2,0.5
Tyler Burton,MEM,"PF",,478,255,0%,12,25:34,3.5,9.3,.375,1.9,2.3,.852,1.8,10.8,4.2,1.0,0.9,0.3,0.9
Lawson Lovering,MEM,"C",,571,256,0%,2,24:30,3.0,5.0,.600,1.0,2.5,.400,0.0,7.0,7.5,1.5,1.5,0.5,1.0
Egor Dëmin,BKN,"PG,SG",,135,257,30%,52,25:09,3.4,8.6,.399,1.0,1.3,.831,2.4,10.3,3.2,3.3,0.8,0.3,1.7
Brandon Williams,GSW,"PG",,288,258,2%,66,22:10,4.4,9.3,.472,3.7,4.6,.793,0.5,13.0,2.9,3.9,0.9,0.3,1.9
Taurean Prince,DET,"SF,PF",,340,259,0%,26,23:30,3.3,7.3,.450,0.2,0.2,1.000,2.3,9.2,3.1,1.8,0.6,0.2,1.2
Harrison Barnes,SAS,"PF",,256,260,2%,77,25:47,3.4,7.5,.456,1.3,1.6,.829,1.8,9.9,2.8,1.9,0.6,0.2,0.8
Jamir Watkins,WAS,"SG,SF",INJ,338,261,1%,50,20:38,2.6,5.9,.446,1.1,1.6,.695,0.9,7.4,3.9,1.3,1.1,0.5,0.8
Kennedy Chandler,UTA,"PG",,494,262,0%,11,32:16,5.5,12.5,.445,2.5,3.9,.651,1.4,15.0,3.4,6.7,1.0,0.2,2.1
Jaylen Wells,MEM,"SG,SF",GTD,227,263,7%,69,26:23,4.4,10.1,.431,1.9,2.5,.784,1.9,12.5,3.2,1.6,0.9,0.1,1.1
Karlo Matković,NOP,"PF,C",,284,264,1%,62,14:42,2.3,3.8,.604,0.5,0.7,.732,0.6,5.7,3.7,0.8,0.4,0.9,0.5
Olivier-Maxence Prosper,MEM,"SF,PF,C",,318,265,1%,53,18:34,3.6,6.6,.549,1.6,2.2,.754,1.1,10.0,3.5,1.0,0.8,0.2,0.9
De'Andre Hunter,SAC,"SF,PF",GTD,236,266,8%,45,26:07,4.6,11.1,.415,2.8,3.2,.867,1.7,13.7,4.1,2.0,0.7,0.1,1.7
Gui Santos,GSW,"SF,PF",,200,267,12%,68,20:30,3.4,6.8,.500,1.3,1.8,.725,1.1,9.2,3.9,2.3,0.9,0.3,1.5
Svi Mykhailiuk,UTA,"SG,SF",,324,268,1%,50,23:07,3.5,7.2,.478,0.5,0.6,.893,2.0,9.4,2.5,1.9,0.5,0.1,0.8
Luguentz Dort,ATL,"SG,SF",,264,269,4%,69,26:48,2.9,7.6,.385,0.6,0.8,.759,1.9,8.3,3.6,1.2,0.9,0.4,0.8
Jarace Walker,IND,"SF,PF",,267,270,4%,76,25:42,4.0,9.6,.419,1.8,2.4,.749,1.8,11.6,5.1,2.5,0.8,0.3,1.8
Bruce Brown,DEN,"PG,SG",NA,266,271,1%,82,24:22,3.0,6.4,.475,1.2,1.5,.762,0.7,7.9,3.9,2.1,1.0,0.2,1.1
Craig Porter Jr.,CLE,"PG,SG",,301,272,1%,64,17:56,1.8,4.0,.450,0.4,0.6,.600,0.5,4.5,3.4,3.2,0.9,0.6,0.9
Isaac Okoro,CHI,"SG,SF",,286,273,1%,63,26:54,3.3,7.3,.460,1.4,1.8,.795,1.2,9.3,2.7,1.6,0.7,0.5,0.7
Jordan Miller,LAC,"SG,SF",INJ,314,274,2%,60,22:04,3.5,6.7,.531,2.3,2.9,.777,0.6,10.0,3.0,2.3,0.8,0.2,1.1
Yves Missi,NOP,"C",,186,275,10%,66,19:39,2.4,4.5,.544,0.9,1.5,.559,0.0,5.7,5.8,1.3,0.3,1.5,0.8
Will Richard,GSW,"SG,SF",,297,276,1%,69,19:57,2.3,5.0,.468,0.7,0.8,.852,1.0,6.4,2.5,1.3,1.2,0.1,0.8
Tristen Newton,HOU,"SG,SF",NA,586,277,0%,1,12:00,4.0,9.0,.444,2.0,3.0,.667,2.0,12.0,3.0,0.0,1.0,0.0,0.0
Jaxson Hayes,UTA,"C",,283,278,2%,66,18:17,3.0,4.0,.756,1.5,2.3,.653,0.0,7.5,4.1,0.9,0.4,0.8,0.5
Aaron Wiggins,ATL,"SG,SF",,271,279,8%,65,21:45,3.6,8.2,.431,0.8,1.1,.736,1.5,9.4,3.1,1.7,0.9,0.4,1.2
Zach Collins,CHI,"C",GTD,423,280,1%,10,18:24,3.7,6.4,.578,1.4,2.0,.700,0.9,9.7,5.6,1.5,0.2,0.4,1.0
Oso Ighodaro,PHX,"C",,239,281,11%,82,22:03,2.9,4.5,.653,0.6,1.4,.453,0.0,6.5,5.1,2.3,0.9,0.7,1.2
Jose Alvarado,NYK,"PG",,276,282,2%,69,19:51,2.7,6.5,.416,0.5,0.7,.761,1.5,7.4,2.5,3.4,1.0,0.1,1.1
Isaiah Jackson,LAC,"C",,228,283,4%,55,16:30,2.7,4.3,.637,1.2,1.9,.648,0.0,6.7,5.3,0.9,0.7,0.9,1.1
Luka Garza,BOS,"C",,298,284,1%,69,16:12,3.0,5.2,.577,1.3,1.7,.769,0.8,8.1,4.1,1.0,0.4,0.4,0.7
Jordan Walsh,BOS,"SF,PF",,299,285,1%,68,17:49,2.0,3.9,.509,0.6,0.8,.772,0.7,5.4,4.0,0.8,0.7,0.5,0.5
Jordan Poole,NOP,"PG,SG",,237,286,7%,39,23:55,4.2,11.4,.372,2.5,2.9,.860,2.5,13.4,2.0,3.1,0.6,0.4,1.8
Lonzo Ball,CLE,"PG,SG",NA,351,287,1%,35,20:48,1.5,5.0,.301,0.4,0.6,.667,1.1,4.6,4.0,3.9,1.3,0.3,1.5
Ronald Holland II,DET,"SF,PF",,226,288,4%,78,19:52,3.0,7.0,.432,1.5,1.9,.805,0.6,8.2,4.0,1.2,1.2,0.3,1.2
Dennis Schröder,CHA,"PG,SG",,269,289,5%,70,24:14,3.6,9.0,.405,2.4,2.9,.834,1.1,10.8,2.7,4.9,0.8,0.2,1.8
Spencer Jones,DEN,"SF,PF",,319,290,1%,64,22:08,2.1,4.1,.504,0.5,0.8,.608,0.9,5.5,3.3,0.8,0.8,0.5,0.5
Grant Williams,CHA,"PF,C",,357,291,1%,36,19:45,2.2,5.1,.426,1.2,1.5,.815,1.4,7.0,3.9,1.6,0.5,0.5,0.9
Taylor Hendricks,MEM,"PF,C",,238,292,4%,59,18:57,2.8,6.0,.459,0.8,1.2,.681,1.1,7.4,3.7,0.9,0.8,0.5,0.8
Quinten Post,MEM,"C",,293,293,1%,67,17:18,2.9,6.6,.440,0.5,0.6,.791,1.4,7.7,4.0,1.4,0.4,0.5,0.8
Daniss Jenkins,DET,"PG,SG",,224,294,5%,72,20:12,3.2,7.9,.408,1.9,2.2,.832,1.0,9.3,2.3,3.9,0.9,0.2,1.6
Danny Wolf,BKN,"PF,C",,334,295,3%,57,20:49,3.1,7.7,.405,1.5,1.9,.771,1.2,8.9,4.9,2.2,0.5,0.6,1.3
Dariq Whitehead,MEM,"PF",NA,514,296,0%,6,30:30,6.2,15.5,.398,0.8,1.2,.714,3.2,16.3,4.0,1.5,0.7,0.0,1.7
Kevin Love,UTA,"PF,C",NA,365,297,0%,37,16:34,2.1,5.4,.397,1.0,1.2,.841,1.4,6.7,5.8,1.8,0.4,0.2,0.8
Charles Bassey,GSW,"C",,451,298,0%,13,11:46,2.4,3.6,.660,1.1,1.5,.700,0.0,5.8,4.4,0.5,0.3,0.8,0.5
Kris Murray,MEM,"SG,SF",,328,299,1%,57,23:23,2.3,4.8,.467,0.7,1.0,.684,0.6,5.8,3.6,1.4,0.9,0.4,0.8
Tre Johnson,WAS,"PG,SG,SF",,242,300,7%,60,24:03,4.5,10.8,.419,1.3,1.5,.874,1.9,12.2,2.8,2.0,0.6,0.3,1.6
Steven Adams,HOU,"C",GTD,398,301,2%,32,22:48,2.2,4.3,.504,1.5,2.5,.580,0.0,5.8,8.6,1.5,0.7,0.6,1.1
Anthony Gill,WAS,"PF,C",NA,343,302,0%,55,17:17,2.5,3.9,.628,0.6,0.8,.739,0.3,5.8,2.9,1.3,0.6,0.4,0.7
Skal Labissière,WAS,"C",NA,556,303,0%,3,12:40,2.0,3.3,.600,0.0,0.0,,0.3,4.3,3.0,1.0,0.7,0.3,0.3
Terance Mann,BKN,"SG,SF",,295,304,1%,63,24:16,2.7,5.8,.457,1.0,1.3,.788,0.9,7.2,3.2,3.0,0.7,0.2,1.1
Klay Thompson,MIA,"SG,SF",,273,305,18%,69,21:42,4.1,10.6,.393,0.5,0.7,.766,2.9,11.7,2.1,1.4,0.5,0.3,0.9
Buddy Hield,ATL,"SG,SF",,307,306,1%,51,16:03,2.8,6.4,.437,0.6,0.7,.811,1.5,7.6,2.3,1.4,0.8,0.2,0.9
Oscar Tshiebwe,HOU,"PF,C",,416,307,0%,27,16:35,3.4,5.4,.634,1.0,1.8,.551,0.0,7.8,6.6,1.2,0.6,0.2,0.8
Bub Carrington,WAS,"PG,SG",,240,308,4%,82,27:42,3.8,9.0,.424,1.0,1.4,.730,2.1,10.7,3.4,4.6,0.6,0.2,2.3
Jonathan Kuminga,MIN,"SF,PF",,207,309,25%,36,23:03,4.4,9.4,.463,2.5,3.4,.724,1.0,12.2,5.6,2.3,0.6,0.3,1.9
Haywood Highsmith,PHX,"SF,PF",,421,310,0%,7,13:00,1.7,3.3,.522,0.9,1.0,.857,1.1,5.4,1.9,1.0,0.6,0.0,0.0
Landry Shamet,NYK,"SG,SF",,341,311,1%,51,22:57,3.1,7.1,.437,1.1,1.5,.711,2.0,9.3,1.8,1.4,0.6,0.2,0.6
K. Caldwell-Pope,PHI,"SG,SF",GTD,292,312,2%,51,21:19,2.9,7.2,.410,1.4,1.6,.913,1.1,8.4,2.5,2.7,0.8,0.2,1.2
Jamal Shead,TOR,"PG",,234,313,5%,82,22:35,2.3,6.1,.367,1.1,1.4,.784,1.0,6.6,1.7,5.4,0.9,0.2,1.4
Baylor Scheierman,BOS,"SG,SF",,210,314,5%,77,18:33,2.0,4.3,.453,0.4,0.4,.903,1.3,5.5,3.5,1.5,0.5,0.1,0.6
Jonas Valančiūnas,DEN,"C",NA,277,315,1%,65,13:24,3.5,6.0,.582,1.6,2.1,.772,0.1,8.7,5.1,1.2,0.2,0.6,1.1
Kasparas Jakučionis,MIL,"PG,SG",,345,316,4%,53,17:49,1.9,4.5,.429,1.1,1.2,.879,1.2,6.2,2.6,2.6,0.6,0.1,0.9
Bones Hyland,MIN,"PG,SG",,300,317,1%,71,16:34,3.0,6.6,.453,0.9,1.2,.780,1.6,8.5,1.8,2.6,0.6,0.2,1.0
Caris LeVert,MIL,"SG,SF",,303,318,1%,60,19:13,2.7,6.5,.417,1.0,1.4,.679,1.0,7.4,2.0,2.7,0.9,0.7,1.4
DeAndre Jordan,NOP,"C",,467,319,0%,12,16:34,1.8,2.7,.656,0.9,1.4,.647,0.0,4.4,6.3,0.9,0.3,0.8,0.8
Jaden Ivey,CHI,"PG,SG",NA,358,320,1%,37,18:06,3.1,6.9,.445,1.0,1.3,.809,1.4,8.5,2.5,1.8,0.6,0.4,1.1
Khris Middleton,WAS,"SF,PF",,302,321,2%,63,22:50,3.6,8.6,.420,1.9,2.2,.875,1.1,10.2,3.7,2.8,0.7,0.1,1.7
Keshon Gilbert,ATL,"SG",GTD,552,322,0%,4,18:30,1.3,3.0,.417,1.8,1.8,1.000,0.0,4.3,1.3,3.0,0.8,1.0,2.0
Bryce McGowens,NOP,"SG,SF",GTD,372,323,1%,42,20:57,2.7,5.6,.481,1.8,2.3,.779,0.9,8.1,2.1,1.5,0.6,0.2,0.4
Tristan Vukcevic,WAS,"C",,342,324,1%,49,13:41,3.1,6.5,.479,1.8,2.3,.784,1.0,9.0,3.0,1.1,0.5,0.7,1.3
Ryan Dunn,PHX,"SF,PF",,287,325,1%,70,19:21,2.3,5.2,.453,0.3,0.7,.489,0.8,5.8,4.2,1.5,0.9,0.4,0.8
Adem Bona,PHI,"C",,189,326,8%,71,17:22,1.8,3.1,.595,1.1,1.6,.708,0.0,4.8,4.3,0.5,0.4,1.2,0.8
Simone Fontecchio,MIA,"SF,PF",,291,327,1%,70,16:45,2.8,6.7,.412,1.2,1.5,.843,1.8,8.5,3.0,1.4,0.5,0.1,0.7
Vince Williams Jr.,UTA,"PG,SG",NA,367,328,1%,40,20:30,2.6,7.3,.353,1.0,1.3,.780,1.4,7.5,3.9,4.2,0.7,0.4,1.8
Mouhamed Gueye,ATL,"PF,C",GTD,290,329,1%,77,15:18,1.7,3.8,.452,0.5,0.8,.645,0.5,4.4,3.6,0.9,0.8,0.5,0.4
Cody Williams,MIN,"SG,SF",,326,330,2%,67,24:20,3.6,7.6,.468,1.3,1.8,.706,0.4,8.8,3.0,2.0,0.8,0.4,1.1
Ben Sheppard,IND,"SG,SF",,306,331,1%,65,21:22,2.6,6.0,.434,0.6,0.8,.765,1.3,7.1,3.0,1.8,0.6,0.1,0.6
Quenton Jackson,IND,"PG,SG",,347,332,1%,49,18:18,3.1,6.7,.470,2.0,2.4,.824,0.9,9.1,2.3,2.9,0.6,0.1,1.3
Nique Clifford,SAC,"SG,SF",,214,333,6%,75,25:05,3.3,7.9,.418,0.9,1.3,.722,1.0,8.6,3.8,2.4,0.9,0.3,1.5
Leonard Miller,CHI,"SF,PF",,364,334,2%,46,15:37,3.2,5.7,.553,0.8,1.2,.736,0.7,7.8,3.9,0.9,0.4,0.3,0.8
Will Riley,WAS,"SF,PF",,178,335,7%,74,22:04,3.7,8.4,.439,1.9,2.4,.800,1.1,10.3,2.9,2.0,0.7,0.1,1.3
Jevon Carter,ORL,"PG,SG",,348,336,1%,53,16:21,2.3,5.8,.401,0.3,0.4,.789,1.5,6.4,1.7,1.6,0.8,0.2,0.7
Thomas Bryant,CLE,"C",,308,337,1%,60,12:12,2.3,4.5,.506,0.9,1.1,.803,0.8,6.2,3.4,0.6,0.3,0.4,0.5
Cam Whitmore,CLE,"SF,PF",NA,419,338,1%,21,16:51,3.7,8.0,.456,1.1,1.5,.742,0.8,9.2,2.8,0.7,0.7,0.4,0.9
Walter Clayton Jr.,MEM,"PG,SG",GTD,323,339,3%,69,20:25,2.6,6.7,.384,1.6,1.8,.901,1.1,7.8,2.0,4.0,0.6,0.3,1.7
DeJon Jarreau,MEM,"SG",NA,503,340,0%,11,21:00,3.0,7.5,.398,1.6,2.1,.783,0.4,8.0,4.6,3.3,0.9,0.7,2.4
Patrick Williams,CHI,"SF,PF",,312,341,1%,72,20:28,2.5,6.6,.372,0.8,1.0,.720,1.3,7.0,3.0,1.5,0.7,0.4,1.0
Justin Edwards,PHI,"SF,PF",,309,342,1%,64,15:16,2.2,5.0,.447,0.5,0.6,.846,1.0,6.0,1.5,1.3,0.8,0.2,0.6
Clint Capela,HOU,"C",,296,343,1%,75,12:21,1.6,3.0,.520,0.6,1.0,.577,0.0,3.8,4.6,0.7,0.5,0.8,0.5
Elijah Harkless,DET,"PG,SG",,436,344,0%,26,20:57,2.1,6.2,.335,1.9,2.5,.766,0.8,6.8,2.0,2.9,1.2,0.2,1.0
Jericho Sims,MIL,"PF,C",,331,345,1%,67,19:40,2.2,2.8,.784,0.7,1.1,.620,0.0,5.0,5.5,1.6,0.3,0.3,1.1
Sion James,CHA,"SG,SF",,304,346,1%,82,22:28,1.7,4.5,.371,1.0,1.2,.837,1.0,5.4,3.5,2.0,0.6,0.2,0.8
Corey Kispert,ATL,"SG,SF",,320,347,1%,58,18:37,3.2,6.8,.467,1.3,1.7,.794,1.5,9.2,2.3,1.6,0.3,0.2,0.8
Enrique Freeman,MIN,"PF",,551,348,0%,4,9:15,1.0,2.0,.500,0.8,1.0,.750,0.5,3.3,2.5,0.5,0.5,0.8,0.5
Eric Gordon,MEM,"SG,SF",NA,487,349,0%,6,12:19,2.0,3.5,.571,0.2,0.3,.500,1.3,5.5,0.3,0.5,0.7,0.2,0.5
Nicolas Batum,LAC,"SF,PF",NA,289,350,0%,74,17:30,1.3,3.2,.403,0.1,0.1,.818,1.2,4.0,2.5,0.9,0.6,0.3,0.5
Kevon Looney,LAL,"PF,C",,397,351,1%,21,14:40,1.2,2.9,.417,0.3,0.5,.700,0.1,2.8,5.6,1.6,0.4,0.5,0.4
Mike Conley,BOS,"PG",,305,352,1%,54,18:21,1.3,4.0,.335,0.8,0.9,.900,1.0,4.5,1.7,2.9,0.6,0.3,0.6
Pat Spencer,PHX,"PG,SG",,335,353,1%,66,18:37,2.8,6.6,.427,0.7,0.9,.772,0.9,7.2,2.4,3.5,0.7,0.1,1.3
Kobe Sanders,LAC,"SG,SF",,332,354,1%,68,19:52,2.6,5.6,.466,0.8,1.0,.826,1.2,7.3,2.3,1.6,0.7,0.1,1.2
Devin Carter,ATL,"PG,SG",NA,408,355,1%,38,18:25,3.2,7.7,.414,1.8,2.5,.713,0.8,8.9,3.3,2.7,0.9,0.2,1.4
Branden Carlson,POR,"C",,380,356,0%,42,11:37,2.3,4.4,.527,0.4,0.6,.577,0.7,5.8,3.0,0.7,0.2,0.6,0.4
Rocco Zikarsky,MIN,"C",,545,357,0%,5,7:12,1.0,1.6,.625,0.8,0.8,1.000,0.0,2.8,2.8,0.4,0.0,1.0,0.2
Seth Curry,GSW,"PG,SG",NA,447,358,0%,10,13:18,2.4,4.9,.490,1.1,1.2,.917,1.2,7.1,1.2,1.0,0.3,0.0,0.2
Nae'Qwan Tomlin,CLE,"SF,PF",,330,359,1%,64,15:41,2.3,4.9,.478,0.7,1.0,.770,0.4,5.8,2.9,0.8,0.6,0.5,0.5
Tyson Etienne,BKN,"PG",,464,360,0%,24,15:49,2.4,6.0,.400,1.3,1.5,.833,1.8,7.9,1.1,1.7,0.5,0.0,0.7
Jared McCain,OKC,"PG,SG",,223,361,14%,67,17:18,3.0,7.2,.425,0.8,0.9,.864,1.5,8.3,2.0,1.3,0.5,0.1,0.8
Kenrich Williams,OKC,"PF,C",,339,362,1%,56,15:16,2.5,5.3,.473,0.6,0.9,.635,0.9,6.5,3.3,1.4,0.6,0.1,0.8
Ethan Thompson,IND,"PG,SG",NA,433,363,0%,32,20:24,2.3,6.1,.378,1.2,1.5,.787,1.2,7.0,2.2,1.8,0.6,0.3,0.8
Jarred Vanderbilt,LAL,"PF,C",,325,364,1%,65,17:21,1.7,3.7,.471,0.5,0.9,.589,0.4,4.4,4.5,1.3,0.8,0.3,0.9
Killian Hayes,SAC,"PG,SG",NA,448,365,0%,23,17:39,1.8,6.0,.304,1.1,1.2,.929,0.7,5.5,2.3,3.5,0.9,0.2,1.2
Pete Nance,MIL,"SF,PF",,389,366,0%,47,15:40,2.1,4.1,.515,0.1,0.2,.364,1.1,5.4,2.7,1.0,0.3,0.3,0.6
Caleb Love,PHI,"PG,SG",,390,367,1%,49,20:40,3.9,10.0,.388,0.7,1.0,.735,1.9,10.4,2.3,2.5,0.6,0.1,1.3
Rayan Rupert,PHI,"SG,SF",,350,368,1%,64,16:45,1.9,4.9,.393,0.7,0.8,.778,0.7,5.2,2.9,1.1,0.9,0.1,0.9
Tidjane Salaün,CHA,"PF,C",,393,369,1%,37,15:32,2.2,4.3,.503,0.7,1.1,.650,1.0,6.0,4.0,0.7,0.4,0.2,0.7
Sharife Cooper,WAS,"PG",NA,406,370,0%,41,17:04,3.1,6.0,.514,1.2,1.5,.833,0.7,8.1,2.1,3.0,0.4,0.1,1.5
Jahmai Mashack,MEM,"PG,SG,SF",,442,371,0%,31,21:42,2.5,6.3,.395,0.6,1.1,.543,0.6,6.2,2.6,2.2,1.2,0.5,1.6
Moussa Cisse,DAL,"C",,218,372,2%,38,13:57,1.7,3.0,.574,1.0,2.1,.469,0.0,4.5,5.7,0.2,0.5,1.2,0.8
Julian Strawther,DEN,"SG,SF",,337,373,1%,57,15:06,2.6,5.6,.467,1.0,1.2,.814,1.0,7.2,2.0,1.1,0.4,0.1,0.6
Kobe Brown,IND,"SF,PF",,353,374,0%,61,15:47,2.1,4.4,.469,0.8,1.0,.797,0.9,5.8,3.0,1.3,0.4,0.2,0.9
Olivier Sarr,CLE,"C",,560,375,0%,4,9:45,1.3,1.8,.714,0.5,1.3,.400,0.5,3.5,2.8,1.3,0.5,0.8,0.5
