PLAYER,GP,MIN,FGM,FGA,FG_PCT,FTM,FTA,FT_PCT,FG3M,PTS,REB,AST,STL,BLK,TOV
Nikola Jokić,71,,735,1282,.573,386,471,.820,119,1975,926,717,108,53,241
Shai Gilgeous-Alexander,73,,783,1457,.537,563,636,.885,127,2256,338,462,115,62,163
Victor Wembanyama,68,,612,1179,.519,396,481,.823,130,1750,774,230,69,230,188
Tyrese Maxey,69,,626,1341,.467,338,382,.885,213,1803,247,397,111,41,152
Cooper Flagg,75,,706,1486,.475,358,426,.840,104,1874,577,389,101,76,191
Luka Dončić,66,,674,1431,.471,505,646,.782,248,2101,507,539,104,32,249
Anthony Edwards,76,,728,1555,.468,421,515,.817,265,2142,427,266,97,53,231
Donovan Mitchell,67,,617,1322,.467,331,388,.853,219,1784,326,372,100,20,174
Karl-Anthony Towns,73,,530,1041,.509,332,391,.849,126,1518,833,256,63,43,186
Amen Thompson,72,,503,926,.543,282,367,.768,27,1315,563,364,117,67,157
Jamal Murray,68,,580,1228,.472,294,333,.883,204,1658,284,453,70,31,148
Tyrese Haliburton,68,,418,905,.462,169,198,.854,186,1191,231,607,86,43,118
Dyson Daniels,72,,409,792,.516,76.0,123,.618,47,941,474,403,174,40,136
Matas Buzelis,76,,540,1154,.468,245,309,.793,208,1533,538,206,77,115,177
Trey Murphy III,68,,502,1084,.463,257,293,.877,221,1482,399,245,86,35,118
Kawhi Leonard,60,,535,1056,.507,266,303,.878,138,1474,369,201,101,29,113
Kel'el Ware,76,,442,836,.529,84.0,117,.718,108,1076,731,80,71,109,83
Jayson Tatum,68,,582,1278,.455,324,395,.820,220,1708,625,363,71,31,177
Kon Knueppel,79,,578,1212,.477,220,253,.870,300,1676,432,307,63,21,180
Donovan Clingan,73,,386,716,.539,141,215,.656,73,986,954,168,52,146,113
Jalen Johnson,65,,532,1069,.498,278,352,.790,106,1448,636,500,86,41,203
Austin Reaves,70,,517,1085,.476,463,532,.870,170,1667,375,401,74,24,184
Lauri Markkanen,68,,543,1173,.463,327,367,.891,195,1608,545,130,61,31,100
Scottie Barnes,71,,532,1105,.481,236,299,.789,78,1378,551,360,103,96,199
Onyeka Okongwu,75,,425,884,.481,171,224,.763,148,1169,607,214,79,95,118
Cade Cunningham,69,,625,1354,.462,323,389,.830,142,1715,418,656,85,52,277
Derrick White,73,,428,1011,.423,151,172,.878,214,1221,317,382,76,85,122
Chet Holmgren,66,,415,770,.539,212,270,.785,93,1135,631,130,44,140,109
N. Alexander-Walker,80,,523,1152,.454,242,281,.861,241,1529,276,278,86,43,140
Stephen Curry,66,,526,1161,.453,273,294,.929,292,1617,254,315,62,23,167
Jalen Williams,69,,535,1079,.496,225,278,.809,97,1392,453,363,96,37,141
Ryan Rollins,70,,481,998,.482,149,184,.810,178,1289,345,399,115,35,195
Payton Pritchard,78,,545,1167,.467,122,140,.871,235,1447,329,383,64,11,100
Walker Kessler,67,,364,567,.642,185,294,.629,35,948,800,116,48,178,111
Brandon Miller,68,,526,1202,.438,294,336,.875,241,1587,354,269,78,49,178
Bam Adebayo,74,,529,1177,.449,294,381,.772,150,1502,636,272,88,52,139
Jaden McDaniels,75,,446,875,.510,184,225,.818,107,1183,371,225,93,72,119
Anthony Davis,58,,489,930,.526,265,339,.782,29,1272,615,180,62,112,115
Jalen Duren,71,,494,752,.657,312,427,.731,0,1300,801,181,57,74,146
Kevin Durant,69,,586,1120,.523,310,360,.861,147,1629,345,284,50,64,192
Jaime Jaquez Jr.,75,,485,895,.542,182,226,.805,81,1233,407,362,74,17,80
Franz Wagner,67,,568,1172,.485,375,442,.848,112,1623,384,283,77,24,141
Evan Mobley,70,,503,913,.551,210,319,.658,72,1288,649,250,59,121,142
Desmond Bane,70,,508,1056,.481,250,278,.899,158,1424,301,290,75,31,154
Mikal Bridges,82,,485,1010,.480,88.0,108,.815,161,1219,290,290,87,48,107
Jalen Brunson,72,,666,1402,.475,333,399,.835,182,1847,234,492,59,8,171
OG Anunoby,70,,416,867,.480,166,204,.814,159,1157,352,147,101,52,110
VJ Edgecombe,77,,415,950,.437,164,200,.820,151,1145,390,300,118,43,152
Ty Jerome,67,,400,809,.494,180,206,.874,171,1151,232,412,84,8,130
Tyler Herro,66,,528,1135,.465,296,334,.886,210,1562,333,323,53,16,152
Devin Booker,68,,576,1238,.465,471,534,.882,142,1765,272,431,55,18,195
Giannis Antetokounmpo,68,,767,1257,.610,461,724,.637,23,2018,712,427,67,68,223
James Harden,71,,391,924,.423,347,394,.881,179,1308,324,519,78,35,227
Naz Reid,76,,439,953,.461,106,142,.746,182,1166,500,174,72,80,125
Domantas Sabonis,69,,457,786,.581,200,273,.733,39,1153,888,391,50,25,185
Jaren Jackson Jr.,66,,451,955,.472,230,284,.810,106,1238,426,136,78,109,142
Darius Garland,68,,519,1122,.463,235,272,.864,198,1471,193,493,83,11,203
Derik Queen,76,,413,847,.488,241,303,.795,32,1099,634,330,93,82,209
Alperen Şengün,71,,593,1155,.513,281,406,.692,33,1500,653,444,86,69,214
Michael Porter Jr.,65,,505,1075,.470,200,242,.826,204,1414,459,172,64,28,129
Reed Sheppard,75,,358,802,.446,72.0,90.0,.800,195,983,216,244,108,48,110
Josh Giddey,69,,397,873,.455,207,268,.772,122,1123,558,619,78,43,236
Zach Edey,60,,373,608,.613,152,200,.760,19,917,683,77,43,133,150
Cedric Coward,70,,475,993,.478,218,262,.832,140,1308,499,269,63,42,165
LaMelo Ball,60,,479,1152,.416,159,182,.874,234,1351,325,441,82,17,192
Jarrett Allen,68,,392,593,.661,191,266,.718,0,975,617,133,59,59,87
Ivica Zubac,72,,452,732,.617,139,201,.692,0,1043,790,158,35,72,112
Cameron Boozer,75,,456,939,.486,289,369,.783,94,1295,639,258,70,44,179
Josh Hart,72,,320,642,.498,106,141,.752,106,852,565,312,84,20,128
Deni Avdija,72,,461,974,.473,450,570,.789,121,1493,499,397,64,41,213
Trae Young,68,,479,1136,.422,415,482,.861,183,1556,188,681,77,10,281
Kyrie Irving,57,,447,941,.475,169,185,.914,157,1220,238,239,59,21,95
Damian Lillard,62,,372,854,.436,244,265,.921,169,1157,373,329,52,9,128
Immanuel Quickley,71,,372,861,.432,163,195,.836,180,1087,276,404,76,6,107
Darryn Peterson,73,,445,982,.453,211,255,.827,134,1235,344,232,84,45,141
Christian Braun,74,,381,706,.540,146,185,.789,79,987,377,193,71,31,74
Mark Williams,64,,340,539,.631,163,210,.776,0,843,576,95,56,67,81
Keegan Murray,70,,369,838,.440,80.0,98.0,.816,139,957,435,109,65,72,63
Cason Wallace,73,,247,546,.452,43.0,54.0,.796,94,631,233,183,132,32,65
Jabari Smith Jr.,73,,413,923,.447,159,201,.791,163,1148,530,126,51,65,99
Caleb Wilson,75,,425,841,.505,222,309,.718,44,1116,568,196,86,85,156
Stephon Castle,73,,452,930,.486,335,453,.740,103,1342,391,507,102,23,226
Pascal Siakam,70,,585,1160,.504,239,336,.711,106,1515,470,257,66,30,126
Ausar Thompson,66,,323,615,.525,113,191,.592,15,774,410,224,137,67,112
Toumani Camara,79,,352,795,.443,92.0,128,.719,177,973,421,174,97,40,123
De'Aaron Fox,69,,476,1010,.471,181,233,.777,125,1258,267,388,91,21,158
Rudy Gobert,73,,320,476,.672,167,282,.592,0,807,791,113,51,113,94
Yaxel Lendeborg,74,,293,628,.467,164,203,.808,92,842,408,183,74,65,92
Jalen Suggs,64,,321,744,.431,125,149,.839,135,902,240,319,107,47,162
Brandon Ingram,68,,555,1163,.477,253,310,.816,122,1485,377,292,53,47,179
Miles Bridges,71,,439,988,.444,206,246,.837,143,1227,482,244,48,37,121
Dylan Harper,69,,467,921,.507,135,178,.758,80,1149,331,331,80,35,148
Jaylen Brown,69,,598,1264,.473,327,421,.777,131,1654,415,316,73,25,209
Ayo Dosunmu,71,,412,841,.490,122,144,.847,122,1068,257,264,67,26,109
Jake LaRavia,68,,232,503,.461,122,157,.777,83,669,320,167,92,37,32
Brandin Podziemski,74,,344,767,.449,135,174,.776,140,963,410,286,81,14,111
John Collins,65,,388,716,.542,147,184,.799,89,1012,440,84,56,55,111
Collin Gillespie,70,,289,688,.420,64.0,74.0,.865,186,828,272,306,83,13,100
Myles Turner,68,,303,648,.468,123,162,.759,131,860,386,93,44,115,89
Nic Claxton,69,,372,610,.610,121,210,.576,4,869,559,215,53,101,97
Andrew Wiggins,68,,375,819,.458,164,213,.770,137,1051,330,175,69,62,106
Brayden Burries,75,,308,692,.445,195,219,.890,98,909,287,183,75,28,80
Dejounte Murray,65,,393,896,.439,164,200,.820,112,1062,408,408,102,17,223
Coby White,69,,437,973,.449,249,292,.853,180,1303,258,400,48,11,165
LeBron James,66,,463,907,.510,210,278,.755,85,1221,373,419,61,30,180
Collin Murray-Boyles,70,,301,519,.580,103,157,.656,25,730,425,161,77,77,95
Neemias Queta,65,,271,416,.651,99.0,139,.712,0,641,517,101,47,83,65
Saddiq Bey,70,,368,835,.441,221,263,.840,137,1094,389,154,61,7,62
Zion Williamson,64,,564,931,.606,341,487,.700,2,1471,389,260,67,41,154
Grayson Allen,68,,302,699,.432,142,167,.850,187,933,218,207,73,23,94
Ajay Mitchell,65,,330,680,.485,153,176,.869,72,885,223,256,83,19,95
Keyonte George,67,,365,814,.448,326,377,.865,131,1187,257,408,70,13,206
CJ McCollum,73,,466,1032,.452,158,208,.760,182,1272,231,270,62,30,115
Joel Embiid,49,,398,815,.488,343,396,.866,61,1200,367,191,29,57,124
Davion Mitchell,71,,261,564,.463,52.0,77.0,.675,93,667,189,514,87,26,117
Scoot Henderson,65,,308,662,.465,150,182,.824,113,879,192,220,63,32,44
Julius Randle,70,,481,1045,.460,325,405,.802,102,1389,493,341,62,16,198
Paolo Banchero,70,,575,1260,.456,440,584,.753,102,1692,576,374,55,42,223
Norman Powell,66,,447,952,.470,242,295,.820,170,1306,209,135,67,14,109
Devin Vassell,69,,320,739,.433,114,142,.803,168,922,270,196,70,28,79
Peyton Watson,71,,323,678,.476,143,199,.719,94,883,327,148,60,96,92
Sam Hauser,75,,241,550,.438,10.0,16.0,.625,189,681,256,195,85,57,143
Anthony Black,69,,360,778,.463,192,252,.762,102,1014,257,247,92,48,141
Aaron Wiggins,70,,295,668,.442,72.0,93.0,.774,122,784,248,306,92,15,101
Kyle Kuzma,71,,389,859,.453,160,203,.788,109,1047,362,178,77,19,88
Paul George,59,,325,729,.446,101,118,.856,136,887,263,189,83,23,103
Day'Ron Sharpe,66,,294,532,.553,128,194,.660,15,731,610,193,96,30,128
Collin Sexton,68,,408,848,.481,252,293,.860,128,1196,189,274,72,11,170
Quentin Grimes,71,,373,845,.441,187,231,.810,169,1102,273,226,73,26,138
Alex Sarr,70,,439,913,.481,152,222,.685,8,1038,486,205,59,121,137
Julian Champagnie,78,,268,629,.426,91.0,107,.850,172,799,340,116,58,37,68
Jeremiah Fears,78,,427,992,.430,207,259,.799,106,1167,316,294,102,31,188
Duncan Robinson,70,,268,628,.427,64.0,80.0,.800,188,788,171,214,94,22,111
Isaiah Stewart,68,,291,542,.537,145,192,.755,59,786,437,111,26,105,87
Keaton Wagler,75,,377,819,.460,153,192,.797,131,1038,287,312,72,16,144
Isaiah Hartenstein,63,,244,402,.607,83.0,128,.648,0,571,577,204,59,57,96
Tari Eason,60,,277,624,.444,68.0,90.0,.756,86,708,409,94,90,41,80
Kevin Porter Jr.,60,,308,673,.458,158,190,.832,58,832,271,319,97,19,142
Tobias Harris,71,,299,636,.470,132,152,.868,78,808,321,152,59,35,68
Morez Johnson Jr.,75,,241,409,.589,120,163,.736,25,627,377,78,65,78,78
Sandro Mamukelashvili,74,,321,669,.480,119,160,.744,142,903,436,160,57,27,106
Kyshawn George,68,,280,645,.434,122,155,.787,108,790,350,263,75,61,152
Royce O'Neale,76,,218,525,.415,21.0,30.0,.700,169,626,360,176,68,30,76
Maxime Raynaud,74,,377,660,.571,126,160,.787,23,903,532,92,37,38,88
Kristaps Porziņģis,55,,306,645,.474,201,241,.834,104,917,276,132,32,66,65
Scotty Pippen Jr.,65,,293,611,.480,125,169,.740,83,794,210,300,113,29,162
Egor Dëmin,70,,292,717,.407,105,127,.827,198,887,268,282,68,27,140
Jaxson Hayes,69,,171,255,.671,104,132,.788,1,447,283,82,68,60,24
Kasparas Jakučionis,75,,246,587,.419,125,149,.839,138,755,312,332,64,19,117
Ace Bailey,72,,390,864,.451,83.0,108,.769,129,992,334,142,65,53,116
Andre Drummond,67,,235,369,.637,76.0,122,.623,18,564,550,119,70,23,59
Herbert Jones,65,,227,541,.420,80.0,97.0,.825,91,625,228,181,101,36,87
Paul Reed,66,,231,407,.568,92.0,129,.713,19,573,369,106,70,70,70
Fred VanVleet,60,,249,636,.392,105,124,.847,138,741,191,309,71,26,74
Jrue Holiday,68,,309,681,.454,79.0,93.0,.849,131,828,281,305,61,21,123
Jalen Green,72,,509,1213,.420,226,286,.790,193,1437,320,251,69,23,180
AJ Dybantsa,78,,476,1032,.461,307,398,.771,95,1354,451,240,75,30,203
DeMar DeRozan,74,,375,771,.486,265,307,.863,42,1057,177,226,50,19,69
Kris Dunn,74,,183,396,.462,36.0,48.0,.750,65,467,227,235,108,18,84
Keldon Johnson,78,,389,785,.496,153,195,.785,98,1029,398,127,47,15,76
Aaron Gordon,65,,360,699,.515,195,258,.756,101,1016,371,201,38,24,85
Tim Hardaway Jr.,75,,337,759,.444,99.0,173,.572,199,972,200,120,78,71,86
Tre Jones,60,,263,487,.540,130,155,.839,37,693,188,318,63,10,77
Wendell Carter Jr.,68,,270,536,.504,149,199,.749,60,749,504,133,51,41,84
Darius Acuff Jr.,76,,450,1101,.409,243,305,.797,155,1298,271,340,62,29,160
Bobby Portis,63,,349,719,.485,60.0,78.0,.769,104,862,446,103,43,20,66
Isaiah Joe,73,,258,577,.447,81.0,93.0,.871,187,784,185,108,51,12,45
De'Anthony Melton,60,,276,663,.416,121,148,.818,112,785,211,169,98,25,107
Cam Spencer,67,,226,500,.452,110,120,.917,122,684,165,346,47,9,84
Zach LaVine,67,,399,813,.491,177,209,.847,158,1133,205,187,42,11,131
Ronald Holland II,79,,250,537,.466,103,150,.687,57,660,300,85,78,60,41
Jamal Shead,79,,228,574,.397,91.0,110,.827,93,640,150,407,80,29,114
Obi Toppin,76,,292,547,.534,87.0,107,.813,99,770,293,126,40,23,66
Luguentz Dort,71,,235,569,.413,54.0,70.0,.771,146,670,266,99,69,34,56
Kyle Filipowski,75,,287,580,.495,127,177,.718,72,773,488,168,60,31,111
Aaron Nesmith,65,,292,640,.456,106,127,.835,134,824,261,103,50,33,72
Luke Kornet,68,,173,263,.658,77.0,98.0,.786,0,423,379,113,31,66,27
Andrew Nembhard,66,,313,690,.454,150,184,.815,86,862,187,401,66,9,131
Kelly Oubre Jr.,68,,289,635,.455,134,177,.757,85,797,312,95,79,30,77
Dillon Brooks,70,,407,942,.432,144,172,.837,153,1111,243,116,61,11,92
Jaylen Wells,73,,325,733,.443,98.0,165,.594,143,891,253,116,34,129,84
Miles McBride,66,,256,610,.420,57.0,70.0,.814,149,718,159,178,63,15,46
P.J. Washington,62,,312,696,.448,128,183,.699,91,843,418,117,61,60,103
Kingston Flemings,74,,253,578,.438,133,159,.836,60,699,219,283,69,26,95
Baylor Scheierman,78,,185,431,.429,36.0,41.0,.878,122,528,331,141,58,17,62
Cameron Johnson,55,,253,529,.478,99.0,115,.861,116,721,222,150,44,20,64
Santi Aldama,68,,283,599,.472,74.0,112,.661,101,741,371,162,46,37,68
Klay Thompson,67,,236,578,.408,35.0,48.0,.729,148,655,133,221,79,21,82
Daniss Jenkins,70,,228,529,.431,124,149,.832,66,646,154,276,53,33,49
Daniel Gafford,58,,218,318,.686,111,163,.681,0,547,384,70,36,80,61
Taylor Hendricks,71,,218,468,.466,92.0,128,.719,77,605,249,82,82,58,93
Kevin Huerter,68,,261,592,.441,45.0,59.0,.763,114,681,225,168,61,28,67
Draymond Green,65,,193,448,.431,67.0,97.0,.691,80,533,368,348,68,49,160
Precious Achiuwa,69,,257,498,.516,69.0,114,.605,22,605,443,78,69,47,63
Max Strus,63,,246,559,.440,45.0,56.0,.804,162,699,300,183,35,15,66
Derrick Jones Jr.,67,,251,495,.507,83.0,114,.728,71,656,227,70,61,47,55
Mikel Brown Jr.,74,,322,787,.409,208,269,.773,128,980,275,314,58,15,117
Dylan Cardwell,72,,150,259,.579,37.0,73.0,.507,0,337,483,89,43,96,56
Russell Westbrook,65,,274,584,.469,105,141,.745,78,731,256,125,72,26,74
Luke Kennard,67,,181,341,.531,33.0,49.0,.673,89,484,139,109,43,81,57
Naji Marshall,71,,319,632,.505,150,194,.773,54,842,288,188,64,7,96
Pelle Larsson,70,,282,573,.492,183,231,.792,66,813,241,231,55,18,98
Brook Lopez,72,,220,480,.458,55.0,69.0,.797,102,597,221,77,30,81,47
Ryan Kalkbrenner,69,,189,251,.753,71.0,100,.710,0,449,326,46,27,87,53
Mitchell Robinson,63,,152,220,.691,46.0,106,.434,0,350,523,51,60,72,43
Jordan Goodwin,65,,189,464,.407,37.0,49.0,.755,85,500,297,137,84,16,62
Tre Johnson,60,,254,597,.425,75.0,88.0,.852,119,702,173,266,46,6,47
Tristan da Silva,75,,287,638,.450,66.0,88.0,.750,132,772,287,107,53,30,83
Dailyn Swain,75,,237,511,.464,164,202,.812,53,691,330,136,68,19,89
Sion James,82,,180,397,.453,87.0,104,.837,85,532,306,188,49,22,68
