PLAYER,TEAM,POS,ADP,AVG_ROUND,PCT_DRAFTED,X_RANK
Victor Wembanyama,SAS,C,1.8,,100%,
Nikola Jokić,DEN,C,2.8,,100%,
Luka Dončić,LAL,"PG,SG",4.8,,100%,
Shai Gilgeous-Alexander,OKC,PG,6.2,,100%,
Cade Cunningham,DET,"PG,SG",8.6,,100%,
Cooper Flagg,DAL,"SG,SF,PF",11.0,,93%,
Tyrese Maxey,PHI,PG,11.2,,100%,
Giannis Antetokounmpo,MIA,"PF,C",12.4,,100%,
Jayson Tatum,BOS,"SF,PF",12.5,,100%,
Scottie Barnes,TOR,"SF,PF,C",14.1,,100%,
Anthony Edwards,MIN,"PG,SG",15.2,,100%,
Karl-Anthony Towns,NYK,"PF,C",15.2,,100%,
Kevin Durant,HOU,"SG,SF,PF",15.5,,100%,
Jalen Johnson,ATL,"SF,PF",16.5,,100%,
Alperen Şengün,HOU,"PF,C",18.4,,100%,
Jamal Murray,DEN,PG,18.6,,100%,
Donovan Mitchell,CLE,"PG,SG",19.8,,100%,
Kawhi Leonard,LAC,"SG,SF,PF",20.0,,100%,
Chet Holmgren,OKC,"PF,C",21.1,,100%,
Tyrese Haliburton,IND,"PG,SG",22.4,,100%,
Austin Reaves,LAL,"PG,SG,SF",22.4,,100%,
LaMelo Ball,MIN,PG,22.6,,100%,
Jalen Brunson,NYK,PG,22.9,,100%,
Stephen Curry,GSW,PG,23.7,,100%,
Anthony Davis,WAS,"PF,C",24.9,,100%,
Trae Young,WAS,PG,26.6,,100%,
Amen Thompson,HOU,"PG,SG",29.2,,100%,
Walker Kessler,LAL,C,29.6,,100%,
Josh Giddey,CHI,"PG,SG",29.9,,100%,
Jalen Duren,DET,C,31.4,,100%,
Devin Booker,PHX,"PG,SG",31.5,,100%,
Jaylen Brown,PHI,"SG,SF,PF",32.0,,100%,
Evan Mobley,CLE,"PF,C",32.3,,100%,
Bam Adebayo,MIA,"PF,C",33.9,,100%,
Domantas Sabonis,SAC,"PF,C",35.3,,100%,
Deni Avdija,POR,"SG,SF,PF",35.3,,100%,
Trey Murphy III,NOP,"SG,SF",35.9,,100%,
Kon Knueppel,CHA,"SG,SF",37.1,,100%,
Paolo Banchero,ORL,PF,37.5,,99%,
James Harden,CLE,"PG,SG",38.4,,100%,
Donovan Clingan,POR,C,40.7,,100%,
LeBron James,PHI,"SF,PF",40.8,,100%,
Lauri Markkanen,UTA,"SF,PF",43.8,,100%,
Jalen Williams,OKC,"SF,PF",44.8,,100%,
Derrick White,BOS,"PG,SG",45.0,,100%,
Pascal Siakam,IND,"PF,C",47.6,,100%,
Joel Embiid,PHI,C,47.9,,100%,
Kyrie Irving,DAL,PG,48.8,,100%,
Brandon Miller,CHA,"SF,PF",49.7,,100%,
Keyonte George,UTA,"PG,SG",52.4,,100%,
Franz Wagner,ORL,"SF,PF",53.9,,100%,
Jaren Jackson Jr.,UTA,"PF,C",54.5,,100%,
Desmond Bane,ORL,"SG,SF",54.8,,100%,
Stephon Castle,SAS,"PG,SG",56.2,,99%,
Onyeka Okongwu,ATL,C,56.9,,99%,
Darius Garland,LAC,PG,58.4,,100%,
Matas Buzelis,CHI,"SF,PF",59.0,,100%,
Nickeil Alexander-Walker,ATL,"PG,SG",59.4,,99%,
Alex Sarr,WAS,C,60.9,,100%,
OG Anunoby,NYK,"SF,PF",61.4,,99%,
Tyler Herro,MIL,"PG,SG",61.8,,99%,
Cameron Boozer,MEM,PF,62.5,,100%,
Dyson Daniels,ATL,"SG,SF",62.8,,100%,
Julius Randle,BKN,PF,64.1,,99%,
Naz Reid,CHA,"PF,C",64.9,,99%,
Dejounte Murray,NOP,PG,66.6,,100%,
VJ Edgecombe,PHI,"PG,SG",67.0,,99%,
Michael Porter Jr.,BKN,"SF,PF",67.9,,99%,
Ivica Zubac,IND,C,68.3,,99%,
Zach Edey,MEM,C,70.0,,99%,
Zion Williamson,NOP,"PF,C",70.0,,99%,
Damian Lillard,POR,PG,71.9,,100%,
Brook Lopez,LAC,C,72.9,,3%,
AJ Green,MIL,"PG,SG,SF",73.3,,4%,
Ryan Rollins,MIL,"PG,SG",74.4,,99%,
Brandon Ingram,TOR,"SG,SF,PF",75.1,,99%,
Kel'el Ware,MIL,C,75.3,,99%,
Aaron Nesmith,IND,"SG,SF",75.3,,5%,
AJ Dybantsa,WAS,SF,75.9,,100%,
Mikal Bridges,NYK,"SF,PF",76.0,,99%,
Rudy Gobert,MIN,C,76.0,,99%,
Payton Pritchard,BOS,PG,76.8,,99%,
Jarrett Allen,CLE,C,77.9,,99%,
Jaden McDaniels,MIN,SF,78.2,,99%,
Dylan Harper,SAS,"PG,SG",79.1,,100%,
Paul George,BOS,"SF,PF",79.9,,99%,
Caleb Wilson,CHI,PF,80.4,,100%,
Derik Queen,NOP,"PF,C",80.7,,99%,
De'Aaron Fox,SAS,PG,82.1,,99%,
Aaron Wiggins,ATL,"SG,SF",83.5,,4%,
Adem Bona,PHI,C,85.4,,4%,
Al Horford,GSW,"PF,C",86.6,,2%,
Coby White,CHA,"PG,SG",87.1,,99%,
Luke Kornet,SAS,C,87.5,,3%,
Luke Kennard,PHX,"SG,SF",87.5,,4%,
Aday Mara,OKC,C,88.7,,4%,
Ausar Thompson,DET,"SG,SF,PF",90.8,,100%,
Ja Morant,POR,PG,91.3,,99%,
Day'Ron Sharpe,BKN,C,91.9,,100%,
Alex Caruso,OKC,"SG,SF",92.9,,5%,
Darryn Peterson,UTA,SG,93.0,,99%,
T.J. McConnell,IND,PG,93.5,,2%,
Norman Powell,CHI,"SG,SF",93.8,,99%,
Nic Claxton,CHI,C,95.2,,99%,
Myles Turner,MIL,C,95.5,,100%,
Ty Jerome,MEM,"PG,SG",95.9,,99%,
Duncan Robinson,DET,"SG,SF",96.3,,3%,
Josh Hart,NYK,"SG,SF",96.8,,99%,
Jabari Smith Jr.,HOU,"PF,C",98.2,,99%,
Daniel Gafford,DAL,C,98.3,,5%,
Miles Bridges,PHX,PF,98.4,,99%,
Allen Graves,TOR,PF,98.4,,2%,
Moussa Diabaté,CHA,C,98.7,,3%,
Immanuel Quickley,TOR,"PG,SG",98.8,,99%,
Cedric Coward,MEM,"SG,SF",100.5,,99%,
Isaiah Hartenstein,OKC,C,102.5,,97%,
Mark Williams,PHX,C,102.9,,98%,
Neemias Queta,BOS,C,104.9,,99%,
Jaime Jaquez Jr.,MIL,"SG,SF,PF",105.1,,98%,
Johni Broome,LAC,C,105.4,,5%,
Kristaps Porziņģis,GSW,C,105.9,,98%,
Rui Hachimura,LAC,"SF,PF",106.2,,4%,
Ayo Dosunmu,MIN,"PG,SG",106.4,,96%,
Jared McCain,OKC,"PG,SG",106.6,,3%,
Cameron Johnson,DEN,"SF,PF",107.9,,4%,
Jalen Suggs,ORL,"PG,SG",108.2,,97%,
Jalen Green,PHX,"SG,SF",109.3,,96%,
Sam Hauser,BOS,"SF,PF",109.6,,2%,
Ajay Mitchell,OKC,"PG,SG",109.7,,10%,
Klay Thompson,MIA,"SG,SF",109.7,,7%,
Mitchell Robinson,BOS,C,109.9,,6%,
Andrew Wiggins,MIA,"SG,SF,PF",110.0,,98%,
Wendell Carter Jr.,ORL,C,110.3,,93%,
Darius Acuff Jr.,SAC,PG,110.5,,96%,
Kelly Oubre Jr.,IND,"SF,PF",110.6,,5%,
CJ McCollum,ATL,"PG,SG",111.1,,99%,
RJ Barrett,TOR,"SG,SF,PF",111.1,,96%,
Kyshawn George,WAS,"SG,SF,PF",111.7,,96%,
Nikola Vučević,ORL,C,111.9,,14%,
Aaron Gordon,DEN,"PF,C",112.1,,26%,
Isaiah Stewart,MEM,"PF,C",112.3,,4%,
Draymond Green,GSW,"PF,C",112.7,,12%,
Julian Champagnie,SAS,"SF,PF",114.0,,4%,
Brandin Podziemski,GSW,"PG,SG",114.1,,91%,
Cason Wallace,OKC,"PG,SG,SF",114.1,,16%,
Shaedon Sharpe,POR,"PG,SG",114.2,,4%,
Sandro Mamukelashvili,LAL,"PF,C",115.1,,91%,
Davion Mitchell,MIA,PG,115.4,,9%,
Dillon Brooks,PHX,"SF,PF",115.5,,20%,
Jrue Holiday,POR,"PG,SG",115.6,,17%,
Reed Sheppard,HOU,"PG,SG",115.6,,17%,
Peyton Watson,CLE,"SF,PF",115.7,,88%,
Yaxel Lendeborg,GSW,PF,116.0,,30%,
Collin Sexton,LAL,"PG,SG",116.0,,3%,
Kevin Porter Jr.,MIL,"PG,SG",116.6,,87%,
DeMar DeRozan,DEN,"SF,PF",116.6,,83%,
Ace Bailey,UTA,"SF,PF",116.8,,27%,
Anfernee Simons,PHI,"PG,SG",116.8,,2%,
Bobby Portis,MIA,"PF,C",117.1,,4%,
Jeremiah Fears,NOP,"PG,SG",117.1,,37%,
Jonathan Kuminga,MIN,"SF,PF",117.1,,3%,
Devin Vassell,SAS,"SG,SF",117.2,,9%,
Jusuf Nurkić,UTA,C,118.0,,77%,
Deandre Ayton,WAS,C,118.3,,4%,
Christian Braun,DEN,"SG,SF,PF",118.5,,15%,
John Collins,DET,"PF,C",118.6,,78%,
Anthony Black,ORL,"PG,SG,SF",119.2,,28%,
P.J. Washington,DAL,"PF,C",119.3,,12%,
Toumani Camara,POR,"SF,PF",119.4,,84%,
Zach LaVine,SAC,"PG,SG,SF",120.0,,68%,
Kyle Kuzma,MIL,"SF,PF",120.0,,4%,
Kyle Filipowski,UTA,"PF,C",120.1,,5%,
Jimmy Butler III,GSW,"SF,PF",120.5,,62%,
Fred VanVleet,HOU,PG,120.6,,64%,
Maxime Raynaud,SAC,C,120.8,,45%,
Collin Murray-Boyles,TOR,"PF,C",120.8,,49%,
Khaman Maluach,PHX,C,120.8,,2%,
Egor Dëmin,BKN,"PG,SG",121.1,,11%,
Keaton Wagler,LAC,SG,121.1,,9%,
Andrew Nembhard,IND,"PG,SG",121.2,,32%,
Bennedict Mathurin,NOP,"SG,SF",121.5,,5%,
Quentin Grimes,LAL,"SG,SF",121.6,,9%,
Keegan Murray,SAC,"SF,PF",121.7,,79%,
Jakob Poeltl,TOR,C,121.8,,5%,
Mikel Brown Jr.,BKN,PG,122.4,,2%,
Paul Reed,DET,"PF,C",122.8,,2%,
Saddiq Bey,NOP,"SF,PF",122.9,,52%,
Morez Johnson Jr.,DAL,PF,123.0,,3%,
Collin Gillespie,PHX,"PG,SG",125.2,,14%,
Tari Eason,HOU,"SG,SF,PF",,,,
Hannes Steinbach,CHA,PF,,,,
Isaiah Collier,UTA,"PG,SG",,,,
Jay Huff,IND,C,,,,
Joan Beringer,MIN,"PF,C",,,,
Robert Williams III,POR,C,,,,
Grayson Allen,CHA,"SG,SF",,,,
Jerami Grant,MEM,"SF,PF",,,,
Tre Jones,CHI,"PG,SG",,,,
Scotty Pippen Jr.,MEM,PG,,,,
Will Riley,WAS,"SF,PF",,,,
Herbert Jones,NOP,"SG,SF",,,,
Brayden Burries,MIL,SG,,,,
Ousmane Dieng,MIL,"SF,PF",,,,
Tobias Harris,SAS,PF,,,,
Tim Hardaway Jr.,MIA,"SG,SF",,,,
Bilal Coulibaly,WAS,"SG,SF",,,,
Yves Missi,NOP,C,,,,
Santi Aldama,DAL,PF,,,,
Kingston Flemings,ATL,PG,,,,
Jaylon Tyson,CLE,"SG,SF,PF",,,,
Jaylin Williams,OKC,"PF,C",,,,
Ryan Kalkbrenner,CHA,C,,,,
Keldon Johnson,SAS,"SF,PF",,,,
Malik Monk,SAC,"PG,SG",,,,
Precious Achiuwa,SAC,"PF,C",,,,
Gui Santos,GSW,"SF,PF",,,,
Pelle Larsson,MIA,"SG,SF",,,,
Scoot Henderson,POR,PG,,,,
Naji Marshall,DAL,"SG,SF,PF",,,,
De'Anthony Melton,GSW,"PG,SG",,,,
Dylan Cardwell,SAC,"PF,C",,,,
Cam Spencer,MEM,"PG,SG",,,,
Baylor Scheierman,BOS,"SG,SF",,,,
Dereck Lively II,DAL,C,,,,
Isaiah Joe,DET,"SG,SF",,,,
Nique Clifford,SAC,"SG,SF",,,,
Zaccharie Risacher,DAL,"SF,PF",,,,
Nate Ament,MIL,SF,,,,
Jalen Smith,CHI,"PF,C",,,,
Moussa Cisse,DAL,C,,,,
Max Christie,DAL,"SG,SF",,,,
Marvin Bagley III,DEN,"PF,C",,,,
Sam Merrill,CLE,"SG,SF",,,,
Daniss Jenkins,DET,"PG,SG",,,,
Tristan da Silva,ORL,"SF,PF",,,,
Ronald Holland II,DET,"SF,PF",,,,
Jaylen Wells,MEM,"SG,SF",,,,
Isaiah Jackson,LAC,C,,,,
Jock Landale,ATL,C,,,,
Keon Ellis,BKN,"SG,SF",,,,
